rank,gid,depth,in_deg,in_kzt,p_hidden_outgoing,cluster_id,priority_score,attention,next_request
1,100000003037476100,4,3,555000.0,0.732,3,0.309225,плательщиков больше 99% узлов колена 4; продлить обход: скрытый выход ~73%,Запросить исходящие переводы от gid 100000003037476100 за следующий шаг; оценка скрытого выхода 73%.
2,100000004652395100,4,3,101528.0,0.732,1,0.2999,3 плательщиков в один день; плательщиков больше 99% узлов колена 4; продлить обход: скрытый выход ~73%,Запросить исходящие переводы от gid 100000004652395100 за следующий шаг; оценка скрытого выхода 73%.
3,100000003230328100,4,3,26572.0,0.732,7,0.268933,плательщиков больше 99% узлов колена 4; продлить обход: скрытый выход ~73%,Запросить исходящие переводы от gid 100000003230328100 за следующий шаг; оценка скрытого выхода 73%.
4,100000006638021100,4,2,388500.0,0.57,49,0.296929,продлить обход: скрытый выход ~57%,Запросить исходящие переводы от gid 100000006638021100 за следующий шаг; оценка скрытого выхода 57%.
5,100000005783452100,4,2,286500.0,0.57,10,0.293069,продлить обход: скрытый выход ~57%,Запросить исходящие переводы от gid 100000005783452100 за следующий шаг; оценка скрытого выхода 57%.
6,100000007034089100,4,2,198000.0,0.57,3,0.286477,продлить обход: скрытый выход ~57%,Запросить исходящие переводы от gid 100000007034089100 за следующий шаг; оценка скрытого выхода 57%.
7,100000007357489100,4,2,164500.0,0.57,3,0.283007,продлить обход: скрытый выход ~57%,Запросить исходящие переводы от gid 100000007357489100 за следующий шаг; оценка скрытого выхода 57%.
8,100000003072205100,4,2,163000.0,0.57,3,0.300009,продлить обход: скрытый выход ~57%,Запросить исходящие переводы от gid 100000003072205100 за следующий шаг; оценка скрытого выхода 57%.
9,100000008583971100,4,2,51000.0,0.57,1,0.260367,продлить обход: скрытый выход ~57%,Запросить исходящие переводы от gid 100000008583971100 за следующий шаг; оценка скрытого выхода 57%.
10,100000001202787100,4,2,14850.0,0.57,1,0.244102,продлить обход: скрытый выход ~57%,Запросить исходящие переводы от gid 100000001202787100 за следующий шаг; оценка скрытого выхода 57%.
11,100000005075949100,4,1,2226000.0,0.287,48,0.227101,нет,Запросить исходящие переводы от gid 100000005075949100 за следующий шаг; оценка скрытого выхода 29%.
12,100000001053894100,4,1,2000000.0,0.287,40,0.280231,нет,Запросить исходящие переводы от gid 100000001053894100 за следующий шаг; оценка скрытого выхода 29%.
13,100000008175078100,4,1,1846711.0,0.287,37,0.280101,нет,Запросить исходящие переводы от gid 100000008175078100 за следующий шаг; оценка скрытого выхода 29%.
14,100000008517061100,4,1,1844000.0,0.287,15,0.226754,нет,Запросить исходящие переводы от gid 100000008517061100 за следующий шаг; оценка скрытого выхода 29%.
15,100000001131403100,4,1,1570000.0,0.287,58,0.226493,нет,Запросить исходящие переводы от gid 100000001131403100 за следующий шаг; оценка скрытого выхода 29%.
16,100000002126791100,4,1,1313000.0,0.287,3,0.262319,нет,Запросить исходящие переводы от gid 100000002126791100 за следующий шаг; оценка скрытого выхода 29%.
17,100000003220685100,4,1,1306000.0,0.287,6,0.279364,нет,Запросить исходящие переводы от gid 100000003220685100 за следующий шаг; оценка скрытого выхода 29%.
18,100000002884708100,4,1,1171644.0,0.287,3,0.225799,нет,Запросить исходящие переводы от gid 100000002884708100 за следующий шаг; оценка скрытого выхода 29%.
19,100000004035925100,4,1,1111588.0,0.287,65,0.225583,нет,Запросить исходящие переводы от gid 100000004035925100 за следующий шаг; оценка скрытого выхода 29%.
20,100000005767403100,4,1,1100000.0,0.287,35,0.225496,нет,Запросить исходящие переводы от gid 100000005767403100 за следующий шаг; оценка скрытого выхода 29%.
21,100000002671326100,4,1,1050000.0,0.287,3,0.225236,нет,Запросить исходящие переводы от gid 100000002671326100 за следующий шаг; оценка скрытого выхода 29%.
22,100000002594214100,4,1,1000000.0,0.287,40,0.278388,нет,Запросить исходящие переводы от gid 100000002594214100 за следующий шаг; оценка скрытого выхода 29%.
23,100000005042822100,4,1,1000000.0,0.287,32,0.225084,нет,Запросить исходящие переводы от gid 100000005042822100 за следующий шаг; оценка скрытого выхода 29%.
24,100000003718715100,4,1,915000.0,0.287,14,0.224889,нет,Запросить исходящие переводы от gid 100000003718715100 за следующий шаг; оценка скрытого выхода 29%.
25,100000004586598100,4,1,761255.0,0.287,68,0.223934,нет,Запросить исходящие переводы от gid 100000004586598100 за следующий шаг; оценка скрытого выхода 29%.
26,100000000733940100,4,1,752000.0,0.287,32,0.223891,нет,Запросить исходящие переводы от gid 100000000733940100 за следующий шаг; оценка скрытого выхода 29%.
27,100000002622822100,4,1,750000.0,0.287,22,0.223848,нет,Запросить исходящие переводы от gid 100000002622822100 за следующий шаг; оценка скрытого выхода 29%.
28,100000007330432100,4,1,584900.0,0.287,71,0.222286,нет,Запросить исходящие переводы от gid 100000007330432100 за следующий шаг; оценка скрытого выхода 29%.
29,100000007865484100,4,1,584600.0,0.287,42,0.258458,нет,Запросить исходящие переводы от gid 100000007865484100 за следующий шаг; оценка скрытого выхода 29%.
30,100000005616568100,4,1,530000.0,0.287,6,0.274701,нет,Запросить исходящие переводы от gid 100000005616568100 за следующий шаг; оценка скрытого выхода 29%.
31,100000003692843100,4,1,510000.0,0.287,63,0.221007,нет,Запросить исходящие переводы от gid 100000003692843100 за следующий шаг; оценка скрытого выхода 29%.
32,100000001669260100,4,1,500000.0,0.287,21,0.220638,нет,Запросить исходящие переводы от gid 100000001669260100 за следующий шаг; оценка скрытого выхода 29%.
33,100000001957974100,4,1,500000.0,0.287,15,0.220638,нет,Запросить исходящие переводы от gid 100000001957974100 за следующий шаг; оценка скрытого выхода 29%.
34,100000006232642100,4,1,456000.0,0.287,43,0.219337,нет,Запросить исходящие переводы от gid 100000006232642100 за следующий шаг; оценка скрытого выхода 29%.
35,100000007841978100,4,1,449000.0,0.287,6,0.272294,нет,Запросить исходящие переводы от gid 100000007841978100 за следующий шаг; оценка скрытого выхода 29%.
36,100000002922000100,4,1,448000.0,0.287,46,0.218947,нет,Запросить исходящие переводы от gid 100000002922000100 за следующий шаг; оценка скрытого выхода 29%.
37,100000008619159100,4,1,446400.0,0.287,65,0.218903,нет,Запросить исходящие переводы от gid 100000008619159100 за следующий шаг; оценка скрытого выхода 29%.
38,100000002686226100,4,1,430000.0,0.287,17,0.218513,нет,Запросить исходящие переводы от gid 100000002686226100 за следующий шаг; оценка скрытого выхода 29%.
39,100000008695157100,4,1,425546.0,0.287,7,0.218339,нет,Запросить исходящие переводы от gid 100000008695157100 за следующий шаг; оценка скрытого выхода 29%.
40,100000003985389100,4,1,422698.0,0.287,7,0.2716,нет,Запросить исходящие переводы от gid 100000003985389100 за следующий шаг; оценка скрытого выхода 29%.
41,100000001222245100,4,1,420000.0,0.287,6,0.271513,нет,Запросить исходящие переводы от gid 100000001222245100 за следующий шаг; оценка скрытого выхода 29%.
42,100000008551752100,4,1,406000.0,0.287,42,0.254165,нет,Запросить исходящие переводы от gid 100000008551752100 за следующий шаг; оценка скрытого выхода 29%.
43,100000006689603100,4,1,400000.0,0.287,7,0.217711,нет,Запросить исходящие переводы от gid 100000006689603100 за следующий шаг; оценка скрытого выхода 29%.
44,100000003025903100,4,1,386300.0,0.287,6,0.270429,нет,Запросить исходящие переводы от gid 100000003025903100 за следующий шаг; оценка скрытого выхода 29%.
45,100000001471706100,4,1,377000.0,0.287,20,0.216735,нет,Запросить исходящие переводы от gid 100000001471706100 за следующий шаг; оценка скрытого выхода 29%.
46,100000003989033100,4,1,373400.0,0.287,10,0.216648,нет,Запросить исходящие переводы от gid 100000003989033100 за следующий шаг; оценка скрытого выхода 29%.
47,100000001065234100,4,1,360000.0,0.287,59,0.216258,нет,Запросить исходящие переводы от gid 100000001065234100 за следующий шаг; оценка скрытого выхода 29%.
48,100000003470579100,4,1,357000.0,0.287,28,0.216171,нет,Запросить исходящие переводы от gid 100000003470579100 за следующий шаг; оценка скрытого выхода 29%.
49,100000004722630100,4,1,340000.0,0.287,51,0.215434,нет,Запросить исходящие переводы от gid 100000004722630100 за следующий шаг; оценка скрытого выхода 29%.
50,100000008675322100,4,1,340000.0,0.287,37,0.268738,нет,Запросить исходящие переводы от gid 100000008675322100 за следующий шаг; оценка скрытого выхода 29%.
51,100000003664994100,4,1,338271.0,0.287,43,0.215347,нет,Запросить исходящие переводы от gid 100000003664994100 за следующий шаг; оценка скрытого выхода 29%.
52,100000003447411100,4,1,302000.0,0.287,7,0.214349,нет,Запросить исходящие переводы от gid 100000003447411100 за следующий шаг; оценка скрытого выхода 29%.
53,100000000375150100,4,1,300000.0,0.287,14,0.213959,нет,Запросить исходящие переводы от gid 100000000375150100 за следующий шаг; оценка скрытого выхода 29%.
54,100000001311175100,4,1,300000.0,0.287,10,0.213959,нет,Запросить исходящие переводы от gid 100000001311175100 за следующий шаг; оценка скрытого выхода 29%.
55,100000003128638100,4,1,300000.0,0.287,3,0.213959,нет,Запросить исходящие переводы от gid 100000003128638100 за следующий шаг; оценка скрытого выхода 29%.
56,100000004006327100,4,1,300000.0,0.287,3,0.213959,нет,Запросить исходящие переводы от gid 100000004006327100 за следующий шаг; оценка скрытого выхода 29%.
57,100000008740295100,4,1,300000.0,0.287,3,0.250174,нет,Запросить исходящие переводы от gid 100000008740295100 за следующий шаг; оценка скрытого выхода 29%.
58,100000002596039100,4,1,280000.0,0.287,7,0.212831,нет,Запросить исходящие переводы от gid 100000002596039100 за следующий шаг; оценка скрытого выхода 29%.
59,100000008722541100,4,1,280000.0,0.287,6,0.266135,нет,Запросить исходящие переводы от gid 100000008722541100 за следующий шаг; оценка скрытого выхода 29%.
60,100000002860934100,4,1,279500.0,0.287,29,0.212701,нет,Запросить исходящие переводы от gid 100000002860934100 за следующий шаг; оценка скрытого выхода 29%.
61,100000002194320100,4,1,275000.0,0.287,59,0.212506,нет,Запросить исходящие переводы от gid 100000002194320100 за следующий шаг; оценка скрытого выхода 29%.
62,100000001378288100,4,1,268000.0,0.287,7,0.212181,нет,Запросить исходящие переводы от gid 100000001378288100 за следующий шаг; оценка скрытого выхода 29%.
63,100000003448713100,4,1,266750.0,0.287,7,0.212051,нет,Запросить исходящие переводы от gid 100000003448713100 за следующий шаг; оценка скрытого выхода 29%.
64,100000003631015100,4,1,266000.0,0.287,42,0.248179,нет,Запросить исходящие переводы от gid 100000003631015100 за следующий шаг; оценка скрытого выхода 29%.
65,100000008469048100,4,1,265200.0,0.287,1,0.265225,нет,Запросить исходящие переводы от gid 100000008469048100 за следующий шаг; оценка скрытого выхода 29%.
66,100000003199390100,4,1,260000.0,0.287,6,0.265008,нет,Запросить исходящие переводы от gid 100000003199390100 за следующий шаг; оценка скрытого выхода 29%.
67,100000000926078100,4,1,250000.0,0.287,7,0.24742,нет,Запросить исходящие переводы от gid 100000000926078100 за следующий шаг; оценка скрытого выхода 29%.
68,100000004976946100,4,1,246000.0,0.287,42,0.247117,нет,Запросить исходящие переводы от gid 100000004976946100 за следующий шаг; оценка скрытого выхода 29%.
69,100000004610802100,4,1,241000.0,0.287,61,0.210641,10 входов у порога 5–10 тыс.,Запросить исходящие переводы от gid 100000004610802100 за следующий шаг; оценка скрытого выхода 29%.
70,100000000561160100,4,1,240000.0,0.287,4,0.246748,нет,Запросить исходящие переводы от gid 100000000561160100 за следующий шаг; оценка скрытого выхода 29%.
71,100000008699083100,4,1,238500.0,0.287,10,0.210359,нет,Запросить исходящие переводы от gid 100000008699083100 за следующий шаг; оценка скрытого выхода 29%.
72,100000005711521100,4,1,238000.0,0.287,14,0.246531,нет,Запросить исходящие переводы от gid 100000005711521100 за следующий шаг; оценка скрытого выхода 29%.
73,100000008376785100,4,1,234250.0,0.287,6,0.263229,нет,Запросить исходящие переводы от gid 100000008376785100 за следующий шаг; оценка скрытого выхода 29%.
74,100000002529877100,4,1,232000.0,0.287,10,0.209752,нет,Запросить исходящие переводы от gid 100000002529877100 за следующий шаг; оценка скрытого выхода 29%.
75,100000005745873100,4,1,223000.0,0.287,42,0.245404,нет,Запросить исходящие переводы от gid 100000005745873100 за следующий шаг; оценка скрытого выхода 29%.
76,100000008333492100,4,1,216400.0,0.287,49,0.208668,нет,Запросить исходящие переводы от gid 100000008333492100 за следующий шаг; оценка скрытого выхода 29%.
77,100000002214383100,4,1,213000.0,0.287,2,0.208407,нет,Запросить исходящие переводы от gid 100000002214383100 за следующий шаг; оценка скрытого выхода 29%.
78,100000003782913100,4,1,200000.0,0.287,15,0.207388,нет,Запросить исходящие переводы от gid 100000003782913100 за следующий шаг; оценка скрытого выхода 29%.
79,100000004798515100,4,1,200000.0,0.287,13,0.207388,нет,Запросить исходящие переводы от gid 100000004798515100 за следующий шаг; оценка скрытого выхода 29%.
80,100000008190411100,4,1,198450.0,0.287,3,0.206803,7 входов у порога 5–10 тыс.,Запросить исходящие переводы от gid 100000008190411100 за следующий шаг; оценка скрытого выхода 29%.
81,100000005888829100,4,1,197000.0,0.287,3,0.242845,нет,Запросить исходящие переводы от gid 100000005888829100 за следующий шаг; оценка скрытого выхода 29%.
82,100000007071852100,4,1,195000.0,0.287,7,0.242758,нет,Запросить исходящие переводы от gid 100000007071852100 за следующий шаг; оценка скрытого выхода 29%.
83,100000008168850100,4,1,187910.0,0.287,6,0.259066,нет,Запросить исходящие переводы от gid 100000008168850100 за следующий шаг; оценка скрытого выхода 29%.
84,100000001724740100,4,1,185000.0,0.287,3,0.205523,нет,Запросить исходящие переводы от gid 100000001724740100 за следующий шаг; оценка скрытого выхода 29%.
85,100000006308406100,4,1,183000.0,0.287,23,0.205371,нет,Запросить исходящие переводы от gid 100000006308406100 за следующий шаг; оценка скрытого выхода 29%.
86,100000004235471100,4,1,180000.0,0.287,6,0.258177,нет,Запросить исходящие переводы от gid 100000004235471100 за следующий шаг; оценка скрытого выхода 29%.
87,100000004403641100,4,1,171500.0,0.287,10,0.20433,нет,Запросить исходящие переводы от gid 100000004403641100 за следующий шаг; оценка скрытого выхода 29%.
88,100000008136608100,4,1,170000.0,0.287,8,0.204179,нет,Запросить исходящие переводы от gid 100000008136608100 за следующий шаг; оценка скрытого выхода 29%.
89,100000008336318100,4,1,170000.0,0.287,3,0.204179,нет,Запросить исходящие переводы от gid 100000008336318100 за следующий шаг; оценка скрытого выхода 29%.
90,100000008172721100,4,1,168335.0,0.287,7,0.203983,нет,Запросить исходящие переводы от gid 100000008172721100 за следующий шаг; оценка скрытого выхода 29%.
91,100000002659103100,4,1,165000.0,0.287,46,0.203485,нет,Запросить исходящие переводы от gid 100000002659103100 за следующий шаг; оценка скрытого выхода 29%.
92,100000005272139100,4,1,165000.0,0.287,5,0.203485,нет,Запросить исходящие переводы от gid 100000005272139100 за следующий шаг; оценка скрытого выхода 29%.
93,100000008221765100,4,1,156354.0,0.287,6,0.25603,нет,Запросить исходящие переводы от gid 100000008221765100 за следующий шаг; оценка скрытого выхода 29%.
94,100000007511780100,4,1,155000.0,0.287,1,0.202574,нет,Запросить исходящие переводы от gid 100000007511780100 за следующий шаг; оценка скрытого выхода 29%.
95,100000000557536100,4,1,153000.0,0.287,37,0.255618,4 входов у порога 5–10 тыс.,Запросить исходящие переводы от gid 100000000557536100 за следующий шаг; оценка скрытого выхода 29%.
96,100000001537524100,4,1,150000.0,0.287,10,0.201728,нет,Запросить исходящие переводы от gid 100000001537524100 за следующий шаг; оценка скрытого выхода 29%.
97,100000003180305100,4,1,144000.0,0.287,1,0.254382,нет,Запросить исходящие переводы от gid 100000003180305100 за следующий шаг; оценка скрытого выхода 29%.
98,100000005360814100,4,1,144000.0,0.287,7,0.201077,нет,Запросить исходящие переводы от gid 100000005360814100 за следующий шаг; оценка скрытого выхода 29%.
99,100000003819173100,4,1,143777.0,0.287,7,0.200991,нет,Запросить исходящие переводы от gid 100000003819173100 за следующий шаг; оценка скрытого выхода 29%.
100,100000002659265100,4,1,141000.0,0.287,3,0.200665,нет,Запросить исходящие переводы от gid 100000002659265100 за следующий шаг; оценка скрытого выхода 29%.
101,100000008183752100,4,1,140000.0,0.287,22,0.200362,нет,Запросить исходящие переводы от gid 100000008183752100 за следующий шаг; оценка скрытого выхода 29%.
102,100000000803368100,4,1,139503.0,0.287,15,0.200167,нет,Запросить исходящие переводы от gid 100000000803368100 за следующий шаг; оценка скрытого выхода 29%.
103,100000004800648100,4,1,131000.0,0.287,13,0.199191,нет,Запросить исходящие переводы от gid 100000004800648100 за следующий шаг; оценка скрытого выхода 29%.
104,100000001246806100,4,1,130000.0,0.287,3,0.199039,нет,Запросить исходящие переводы от gid 100000001246806100 за следующий шаг; оценка скрытого выхода 29%.
105,100000004200745100,4,1,130000.0,0.287,13,0.235255,нет,Запросить исходящие переводы от gid 100000004200745100 за следующий шаг; оценка скрытого выхода 29%.
106,100000006756956100,4,1,121200.0,0.287,1,0.251519,6 входов у порога 5–10 тыс.,Запросить исходящие переводы от gid 100000006756956100 за следующий шаг; оценка скрытого выхода 29%.
107,100000003696422100,4,1,118000.0,0.287,32,0.197608,нет,Запросить исходящие переводы от gid 100000003696422100 за следующий шаг; оценка скрытого выхода 29%.
108,100000008730238100,4,1,113000.0,0.287,3,0.197217,нет,Запросить исходящие переводы от gid 100000008730238100 за следующий шаг; оценка скрытого выхода 29%.
109,100000001822650100,4,1,112000.0,0.287,3,0.233151,нет,Запросить исходящие переводы от gid 100000001822650100 за следующий шаг; оценка скрытого выхода 29%.
110,100000002794374100,4,1,111000.0,0.287,49,0.196849,нет,Запросить исходящие переводы от gid 100000002794374100 за следующий шаг; оценка скрытого выхода 29%.
111,100000002242455100,4,1,110000.0,0.287,6,0.249936,нет,Запросить исходящие переводы от gid 100000002242455100 за следующий шаг; оценка скрытого выхода 29%.
112,100000002734815100,4,1,110000.0,0.287,3,0.196632,нет,Запросить исходящие переводы от gid 100000002734815100 за следующий шаг; оценка скрытого выхода 29%.
113,100000003186579100,4,1,110000.0,0.287,7,0.196632,нет,Запросить исходящие переводы от gid 100000003186579100 за следующий шаг; оценка скрытого выхода 29%.
114,100000003230329100,4,1,110000.0,0.287,3,0.232847,нет,Запросить исходящие переводы от gid 100000003230329100 за следующий шаг; оценка скрытого выхода 29%.
115,100000001299323100,4,1,109000.0,0.287,3,0.232587,нет,Запросить исходящие переводы от gid 100000001299323100 за следующий шаг; оценка скрытого выхода 29%.
116,100000003252446100,4,1,108600.0,0.287,3,0.196307,нет,Запросить исходящие переводы от gid 100000003252446100 за следующий шаг; оценка скрытого выхода 29%.
117,100000008337304100,4,1,105465.0,0.287,7,0.195873,нет,Запросить исходящие переводы от gid 100000008337304100 за следующий шаг; оценка скрытого выхода 29%.
118,100000003074515100,4,1,105000.0,0.287,3,0.232002,нет,Запросить исходящие переводы от gid 100000003074515100 за следующий шаг; оценка скрытого выхода 29%.
119,100000004891562100,4,1,103400.0,0.287,19,0.195526,нет,Запросить исходящие переводы от gid 100000004891562100 за следующий шаг; оценка скрытого выхода 29%.
120,100000003180820100,4,1,101000.0,0.287,3,0.231481,нет,Запросить исходящие переводы от gid 100000003180820100 за следующий шаг; оценка скрытого выхода 29%.
121,100000001299828100,4,1,100000.0,0.287,1,0.194398,нет,Запросить исходящие переводы от gid 100000001299828100 за следующий шаг; оценка скрытого выхода 29%.
122,100000001533161100,4,1,100000.0,0.287,46,0.194398,нет,Запросить исходящие переводы от gid 100000001533161100 за следующий шаг; оценка скрытого выхода 29%.
123,100000003134550100,4,1,100000.0,0.287,3,0.194398,нет,Запросить исходящие переводы от gid 100000003134550100 за следующий шаг; оценка скрытого выхода 29%.
124,100000004418967100,4,1,100000.0,0.287,3,0.194398,нет,Запросить исходящие переводы от gid 100000004418967100 за следующий шаг; оценка скрытого выхода 29%.
125,100000004840086100,4,1,100000.0,0.287,1,0.194398,нет,Запросить исходящие переводы от gid 100000004840086100 за следующий шаг; оценка скрытого выхода 29%.
126,100000007745062100,4,1,100000.0,0.287,13,0.230614,нет,Запросить исходящие переводы от gid 100000007745062100 за следующий шаг; оценка скрытого выхода 29%.
127,100000008343415100,4,1,100000.0,0.287,21,0.230614,нет,Запросить исходящие переводы от gid 100000008343415100 за следующий шаг; оценка скрытого выхода 29%.
128,100000008560263100,4,1,100000.0,0.287,6,0.247702,нет,Запросить исходящие переводы от gid 100000008560263100 за следующий шаг; оценка скрытого выхода 29%.
129,100000005049404100,4,1,98000.0,0.287,6,0.246835,нет,Запросить исходящие переводы от gid 100000005049404100 за следующий шаг; оценка скрытого выхода 29%.
130,100000002214207100,4,1,97000.0,0.287,38,0.193292,нет,Запросить исходящие переводы от gid 100000002214207100 за следующий шаг; оценка скрытого выхода 29%.
131,100000002695812100,4,1,95000.0,0.287,8,0.229226,нет,Запросить исходящие переводы от gid 100000002695812100 за следующий шаг; оценка скрытого выхода 29%.
132,100000008050986100,4,1,95000.0,0.287,6,0.246314,нет,Запросить исходящие переводы от gid 100000008050986100 за следующий шаг; оценка скрытого выхода 29%.
133,100000001276409100,4,1,94760.0,0.287,8,0.229096,нет,Запросить исходящие переводы от gid 100000001276409100 за следующий шаг; оценка скрытого выхода 29%.
134,100000005567828100,4,1,94000.0,0.287,8,0.22877,нет,Запросить исходящие переводы от gid 100000005567828100 за следующий шаг; оценка скрытого выхода 29%.
135,100000002208836100,4,1,90000.0,0.287,6,0.244861,нет,Запросить исходящие переводы от gid 100000002208836100 за следующий шаг; оценка скрытого выхода 29%.
136,100000002487222100,4,1,90000.0,0.287,6,0.244861,нет,Запросить исходящие переводы от gid 100000002487222100 за следующий шаг; оценка скрытого выхода 29%.
137,100000000600707100,4,1,89000.0,0.287,38,0.19121,нет,Запросить исходящие переводы от gid 100000000600707100 за следующий шаг; оценка скрытого выхода 29%.
138,100000003125997100,4,1,87750.0,0.287,3,0.191015,нет,Запросить исходящие переводы от gid 100000003125997100 за следующий шаг; оценка скрытого выхода 29%.
139,100000002791494100,4,1,85860.0,0.287,8,0.226884,нет,Запросить исходящие переводы от gid 100000002791494100 за следующий шаг; оценка скрытого выхода 29%.
140,100000008735802100,4,1,85000.0,0.287,1,0.226667,нет,Запросить исходящие переводы от gid 100000008735802100 за следующий шаг; оценка скрытого выхода 29%.
141,100000004601193100,4,1,84000.0,0.287,12,0.190191,нет,Запросить исходящие переводы от gid 100000004601193100 за следующий шаг; оценка скрытого выхода 29%.
142,100000002516862100,4,1,81710.0,0.287,61,0.189671,нет,Запросить исходящие переводы от gid 100000002516862100 за следующий шаг; оценка скрытого выхода 29%.
143,100000004673335100,4,1,80000.0,0.287,31,0.18928,нет,Запросить исходящие переводы от gid 100000004673335100 за следующий шаг; оценка скрытого выхода 29%.
144,100000003345947100,4,1,79500.0,0.287,7,0.18915,нет,Запросить исходящие переводы от gid 100000003345947100 за следующий шаг; оценка скрытого выхода 29%.
145,100000002119762100,4,1,77000.0,0.287,6,0.242194,3 входов у порога 5–10 тыс.,Запросить исходящие переводы от gid 100000002119762100 за следующий шаг; оценка скрытого выхода 29%.
146,100000008778010100,4,1,76950.0,0.287,2,0.188803,нет,Запросить исходящие переводы от gid 100000008778010100 за следующий шаг; оценка скрытого выхода 29%.
147,100000005878334100,4,1,76400.0,0.287,21,0.224889,нет,Запросить исходящие переводы от gid 100000005878334100 за следующий шаг; оценка скрытого выхода 29%.
148,100000002729875100,4,1,76000.0,0.287,8,0.22478,нет,Запросить исходящие переводы от gid 100000002729875100 за следующий шаг; оценка скрытого выхода 29%.
149,100000008703533100,4,1,75000.0,0.287,3,0.188066,нет,Запросить исходящие переводы от gid 100000008703533100 за следующий шаг; оценка скрытого выхода 29%.
150,100000004500781100,4,1,74000.0,0.287,15,0.187936,нет,Запросить исходящие переводы от gid 100000004500781100 за следующий шаг; оценка скрытого выхода 29%.
151,100000002968096100,4,1,70000.0,0.287,7,0.240004,нет,Запросить исходящие переводы от gid 100000002968096100 за следующий шаг; оценка скрытого выхода 29%.
152,100000004030553100,4,1,70000.0,0.287,21,0.1867,нет,Запросить исходящие переводы от gid 100000004030553100 за следующий шаг; оценка скрытого выхода 29%.
153,100000006257675100,4,1,70000.0,0.287,23,0.1867,нет,Запросить исходящие переводы от gid 100000006257675100 за следующий шаг; оценка скрытого выхода 29%.
154,100000008027922100,4,1,70000.0,0.287,24,0.1867,нет,Запросить исходящие переводы от gid 100000008027922100 за следующий шаг; оценка скрытого выхода 29%.
155,100000008349740100,4,1,70000.0,0.287,37,0.240004,нет,Запросить исходящие переводы от gid 100000008349740100 за следующий шаг; оценка скрытого выхода 29%.
156,100000003133045100,4,1,68000.0,0.287,3,0.186071,нет,Запросить исходящие переводы от gid 100000003133045100 за следующий шаг; оценка скрытого выхода 29%.
157,100000004747154100,4,1,67000.0,0.287,3,0.186006,нет,Запросить исходящие переводы от gid 100000004747154100 за следующий шаг; оценка скрытого выхода 29%.
158,100000002599729100,4,1,65000.0,0.287,1,0.221657,нет,Запросить исходящие переводы от gid 100000002599729100 за следующий шаг; оценка скрытого выхода 29%.
159,100000004066370100,4,1,65000.0,0.287,38,0.185442,нет,Запросить исходящие переводы от gid 100000004066370100 за следующий шаг; оценка скрытого выхода 29%.
160,100000005979037100,4,1,60300.0,0.287,7,0.184249,нет,Запросить исходящие переводы от gid 100000005979037100 за следующий шаг; оценка скрытого выхода 29%.
161,100000001733216100,4,1,60000.0,0.287,1,0.220183,нет,Запросить исходящие переводы от gid 100000001733216100 за следующий шаг; оценка скрытого выхода 29%.
162,100000001816678100,4,1,60000.0,0.287,4,0.237271,нет,Запросить исходящие переводы от gid 100000001816678100 за следующий шаг; оценка скрытого выхода 29%.
163,100000002242066100,4,1,60000.0,0.287,36,0.183967,нет,Запросить исходящие переводы от gid 100000002242066100 за следующий шаг; оценка скрытого выхода 29%.
164,100000002404112100,4,1,60000.0,0.287,28,0.183967,нет,Запросить исходящие переводы от gid 100000002404112100 за следующий шаг; оценка скрытого выхода 29%.
165,100000002505277100,4,1,60000.0,0.287,1,0.220183,нет,Запросить исходящие переводы от gid 100000002505277100 за следующий шаг; оценка скрытого выхода 29%.
166,100000004326224100,4,1,60000.0,0.287,6,0.237271,нет,Запросить исходящие переводы от gid 100000004326224100 за следующий шаг; оценка скрытого выхода 29%.
167,100000004777215100,4,1,60000.0,0.287,23,0.220183,нет,Запросить исходящие переводы от gid 100000004777215100 за следующий шаг; оценка скрытого выхода 29%.
168,100000007042175100,4,1,60000.0,0.287,1,0.220183,нет,Запросить исходящие переводы от gid 100000007042175100 за следующий шаг; оценка скрытого выхода 29%.
169,100000002835874100,4,1,58700.0,0.287,3,0.219814,нет,Запросить исходящие переводы от gid 100000002835874100 за следующий шаг; оценка скрытого выхода 29%.
170,100000008757301100,4,1,58398.0,0.287,1,0.183555,нет,Запросить исходящие переводы от gid 100000008757301100 за следующий шаг; оценка скрытого выхода 29%.
171,100000003247600100,4,1,58000.0,0.287,4,0.183468,нет,Запросить исходящие переводы от gid 100000003247600100 за следующий шаг; оценка скрытого выхода 29%.
172,100000002752565100,4,1,57000.0,0.287,7,0.219359,нет,Запросить исходящие переводы от gid 100000002752565100 за следующий шаг; оценка скрытого выхода 29%.
173,100000002217806100,4,1,55000.0,0.287,39,0.182558,нет,Запросить исходящие переводы от gid 100000002217806100 за следующий шаг; оценка скрытого выхода 29%.
174,100000003207060100,4,1,53000.0,0.287,1,0.217754,нет,Запросить исходящие переводы от gid 100000003207060100 за следующий шаг; оценка скрытого выхода 29%.
175,100000003097947100,4,1,52980.0,0.287,7,0.18143,нет,Запросить исходящие переводы от gid 100000003097947100 за следующий шаг; оценка скрытого выхода 29%.
176,100000007510567100,4,1,52000.0,0.287,8,0.217234,нет,Запросить исходящие переводы от gid 100000007510567100 за следующий шаг; оценка скрытого выхода 29%.
177,100000002713974100,4,1,50000.0,0.287,7,0.179392,нет,Запросить исходящие переводы от gid 100000002713974100 за следующий шаг; оценка скрытого выхода 29%.
178,100000004019056100,4,1,50000.0,0.287,14,0.215607,нет,Запросить исходящие переводы от gid 100000004019056100 за следующий шаг; оценка скрытого выхода 29%.
179,100000005189258100,4,1,50000.0,0.287,6,0.179392,нет,Запросить исходящие переводы от gid 100000005189258100 за следующий шаг; оценка скрытого выхода 29%.
180,100000007731977100,4,1,50000.0,0.287,1,0.215607,нет,Запросить исходящие переводы от gid 100000007731977100 за следующий шаг; оценка скрытого выхода 29%.
181,100000007749747100,4,1,50000.0,0.287,3,0.179392,нет,Запросить исходящие переводы от gid 100000007749747100 за следующий шаг; оценка скрытого выхода 29%.
182,100000007811950100,4,1,50000.0,0.287,27,0.179392,нет,Запросить исходящие переводы от gid 100000007811950100 за следующий шаг; оценка скрытого выхода 29%.
183,100000008308418100,4,1,50000.0,0.287,1,0.215607,нет,Запросить исходящие переводы от gid 100000008308418100 за следующий шаг; оценка скрытого выхода 29%.
184,100000002971593100,4,1,49050.0,0.287,6,0.231481,нет,Запросить исходящие переводы от gid 100000002971593100 за следующий шаг; оценка скрытого выхода 29%.
185,100000003568904100,4,1,49000.0,0.287,14,0.214306,нет,Запросить исходящие переводы от gid 100000003568904100 за следующий шаг; оценка скрытого выхода 29%.
186,100000004549591100,4,1,49000.0,0.287,39,0.17809,нет,Запросить исходящие переводы от gid 100000004549591100 за следующий шаг; оценка скрытого выхода 29%.
187,100000004261340100,4,1,48500.0,0.287,1,0.214002,нет,Запросить исходящие переводы от gid 100000004261340100 за следующий шаг; оценка скрытого выхода 29%.
188,100000006527156100,4,1,48500.0,0.287,48,0.177787,нет,Запросить исходящие переводы от gid 100000006527156100 за следующий шаг; оценка скрытого выхода 29%.
189,100000002689717100,4,1,47500.0,0.287,8,0.213699,нет,Запросить исходящие переводы от gid 100000002689717100 за следующий шаг; оценка скрытого выхода 29%.
190,100000004584730100,4,1,47000.0,0.287,46,0.176898,нет,Запросить исходящие переводы от gid 100000004584730100 за следующий шаг; оценка скрытого выхода 29%.
191,100000008628818100,4,1,46310.0,0.287,8,0.212658,нет,Запросить исходящие переводы от gid 100000008628818100 за следующий шаг; оценка скрытого выхода 29%.
192,100000004674412100,4,1,46000.0,0.287,12,0.176225,нет,Запросить исходящие переводы от gid 100000004674412100 за следующий шаг; оценка скрытого выхода 29%.
193,100000007539296100,4,1,46000.0,0.287,6,0.176225,нет,Запросить исходящие переводы от gid 100000007539296100 за следующий шаг; оценка скрытого выхода 29%.
194,100000002706810100,4,1,45000.0,0.287,19,0.17564,нет,Запросить исходящие переводы от gid 100000002706810100 за следующий шаг; оценка скрытого выхода 29%.
195,100000002896506100,4,1,45000.0,0.287,6,0.228944,нет,Запросить исходящие переводы от gid 100000002896506100 за следующий шаг; оценка скрытого выхода 29%.
196,100000003061115100,4,1,45000.0,0.287,1,0.211855,нет,Запросить исходящие переводы от gid 100000003061115100 за следующий шаг; оценка скрытого выхода 29%.
197,100000004991593100,4,1,45000.0,0.287,7,0.228944,нет,Запросить исходящие переводы от gid 100000004991593100 за следующий шаг; оценка скрытого выхода 29%.
198,100000006381453100,4,1,45000.0,0.287,3,0.17564,нет,Запросить исходящие переводы от gid 100000006381453100 за следующий шаг; оценка скрытого выхода 29%.
199,100000007153161100,4,1,44997.0,0.287,1,0.21153,нет,Запросить исходящие переводы от gid 100000007153161100 за следующий шаг; оценка скрытого выхода 29%.
200,100000008251939100,4,1,44360.0,0.287,8,0.211227,нет,Запросить исходящие переводы от gid 100000008251939100 за следующий шаг; оценка скрытого выхода 29%.
201,100000003232675100,4,1,44000.0,0.287,14,0.211096,нет,Запросить исходящие переводы от gid 100000003232675100 за следующий шаг; оценка скрытого выхода 29%.
202,100000002371892100,4,1,43830.0,0.287,63,0.174837,нет,Запросить исходящие переводы от gid 100000002371892100 за следующий шаг; оценка скрытого выхода 29%.
203,100000007867364100,4,1,41852.0,0.287,18,0.17436,нет,Запросить исходящие переводы от gid 100000007867364100 за следующий шаг; оценка скрытого выхода 29%.
204,100000006490615100,4,1,41600.0,0.287,14,0.210489,5 входов у порога 5–10 тыс.,Запросить исходящие переводы от gid 100000006490615100 за следующий шаг; оценка скрытого выхода 29%.
205,100000008680061100,4,1,41300.0,0.287,6,0.174144,нет,Запросить исходящие переводы от gid 100000008680061100 за следующий шаг; оценка скрытого выхода 29%.
206,100000008331280100,4,1,41000.0,0.287,28,0.173992,нет,Запросить исходящие переводы от gid 100000008331280100 за следующий шаг; оценка скрытого выхода 29%.
207,100000004890713100,4,1,40485.0,0.287,8,0.209925,нет,Запросить исходящие переводы от gid 100000004890713100 за следующий шаг; оценка скрытого выхода 29%.
208,100000001220124100,4,1,40000.0,0.287,7,0.209448,нет,Запросить исходящие переводы от gid 100000001220124100 за следующий шаг; оценка скрытого выхода 29%.
209,100000003091142100,4,1,40000.0,0.287,1,0.209448,нет,Запросить исходящие переводы от gid 100000003091142100 за следующий шаг; оценка скрытого выхода 29%.
210,100000003289281100,4,1,40000.0,0.287,1,0.173233,нет,Запросить исходящие переводы от gid 100000003289281100 за следующий шаг; оценка скрытого выхода 29%.
211,100000005636951100,4,1,40000.0,0.287,9,0.173233,нет,Запросить исходящие переводы от gid 100000005636951100 за следующий шаг; оценка скрытого выхода 29%.
212,100000006351075100,4,1,40000.0,0.287,42,0.209448,нет,Запросить исходящие переводы от gid 100000006351075100 за следующий шаг; оценка скрытого выхода 29%.
213,100000004979264100,4,1,39800.0,0.287,3,0.172842,нет,Запросить исходящие переводы от gid 100000004979264100 за следующий шаг; оценка скрытого выхода 29%.
214,100000005079473100,4,1,39312.0,0.287,7,0.172582,нет,Запросить исходящие переводы от gid 100000005079473100 за следующий шаг; оценка скрытого выхода 29%.
215,100000002700161100,4,1,39000.0,0.287,52,0.17243,нет,Запросить исходящие переводы от gid 100000002700161100 за следующий шаг; оценка скрытого выхода 29%.
216,100000002188586100,4,1,38310.0,0.287,8,0.208451,нет,Запросить исходящие переводы от gid 100000002188586100 за следующий шаг; оценка скрытого выхода 29%.
217,100000006706519100,4,1,36000.0,0.287,1,0.207475,нет,Запросить исходящие переводы от gid 100000006706519100 за следующий шаг; оценка скрытого выхода 29%.
218,100000007960337100,4,1,35500.0,0.287,7,0.224238,нет,Запросить исходящие переводы от gid 100000007960337100 за следующий шаг; оценка скрытого выхода 29%.
219,100000000737152100,4,1,35000.0,0.287,1,0.223848,нет,Запросить исходящие переводы от gid 100000000737152100 за следующий шаг; оценка скрытого выхода 29%.
220,100000004911971100,4,1,35000.0,0.287,37,0.223848,нет,Запросить исходящие переводы от gid 100000004911971100 за следующий шаг; оценка скрытого выхода 29%.
221,100000005723580100,4,1,35000.0,0.287,3,0.170544,нет,Запросить исходящие переводы от gid 100000005723580100 за следующий шаг; оценка скрытого выхода 29%.
222,100000008745676100,4,1,34547.0,0.287,2,0.170153,нет,Запросить исходящие переводы от gid 100000008745676100 за следующий шаг; оценка скрытого выхода 29%.
223,100000002478829100,4,1,34000.0,0.287,23,0.206022,нет,Запросить исходящие переводы от gid 100000002478829100 за следующий шаг; оценка скрытого выхода 29%.
224,100000008638859100,4,1,34000.0,0.287,18,0.233606,нет,Запросить исходящие переводы от gid 100000008638859100 за следующий шаг; оценка скрытого выхода 29%.
225,100000004526651100,4,1,33000.0,0.287,3,0.205501,нет,Запросить исходящие переводы от gid 100000004526651100 за следующий шаг; оценка скрытого выхода 29%.
226,100000000470237100,4,1,32500.0,0.287,29,0.169134,нет,Запросить исходящие переводы от gid 100000000470237100 за следующий шаг; оценка скрытого выхода 29%.
227,100000008715513100,4,1,32500.0,0.287,19,0.169134,нет,Запросить исходящие переводы от gid 100000008715513100 за следующий шаг; оценка скрытого выхода 29%.
228,100000008734279100,4,1,31650.0,0.287,7,0.168722,нет,Запросить исходящие переводы от gid 100000008734279100 за следующий шаг; оценка скрытого выхода 29%.
229,100000002702968100,4,1,31600.0,0.287,8,0.204894,нет,Запросить исходящие переводы от gid 100000002702968100 за следующий шаг; оценка скрытого выхода 29%.
230,100000002670463100,4,1,31500.0,0.287,19,0.168592,нет,Запросить исходящие переводы от gid 100000002670463100 за следующий шаг; оценка скрытого выхода 29%.
231,100000004797167100,4,1,31000.0,0.287,21,0.168223,нет,Запросить исходящие переводы от gid 100000004797167100 за следующий шаг; оценка скрытого выхода 29%.
232,100000002660298100,4,1,30900.0,0.287,8,0.204374,нет,Запросить исходящие переводы от gid 100000002660298100 за следующий шаг; оценка скрытого выхода 29%.
233,100000006288612100,4,1,30805.0,0.287,13,0.168071,нет,Запросить исходящие переводы от gid 100000006288612100 за следующий шаг; оценка скрытого выхода 29%.
234,100000000608031100,4,1,30000.0,0.287,17,0.166987,нет,Запросить исходящие переводы от gid 100000000608031100 за следующий шаг; оценка скрытого выхода 29%.
235,100000002723674100,4,1,30000.0,0.287,23,0.166987,нет,Запросить исходящие переводы от gid 100000002723674100 за следующий шаг; оценка скрытого выхода 29%.
236,100000003001138100,4,1,30000.0,0.287,29,0.166987,нет,Запросить исходящие переводы от gid 100000003001138100 за следующий шаг; оценка скрытого выхода 29%.
237,100000004047887100,4,1,30000.0,0.287,40,0.220291,нет,Запросить исходящие переводы от gid 100000004047887100 за следующий шаг; оценка скрытого выхода 29%.
238,100000004596284100,4,1,30000.0,0.287,5,0.166987,нет,Запросить исходящие переводы от gid 100000004596284100 за следующий шаг; оценка скрытого выхода 29%.
239,100000005621418100,4,1,30000.0,0.287,28,0.166987,нет,Запросить исходящие переводы от gid 100000005621418100 за следующий шаг; оценка скрытого выхода 29%.
240,100000006416061100,4,1,30000.0,0.287,1,0.166987,нет,Запросить исходящие переводы от gid 100000006416061100 за следующий шаг; оценка скрытого выхода 29%.
241,100000008151098100,4,1,30000.0,0.287,28,0.166987,нет,Запросить исходящие переводы от gid 100000008151098100 за следующий шаг; оценка скрытого выхода 29%.
242,100000008727982100,4,1,30000.0,0.287,9,0.166987,нет,Запросить исходящие переводы от gid 100000008727982100 за следующий шаг; оценка скрытого выхода 29%.
243,100000003040087100,4,1,29000.0,0.287,8,0.20201,нет,Запросить исходящие переводы от gid 100000003040087100 за следующий шаг; оценка скрытого выхода 29%.
244,100000001270470100,4,1,28300.0,0.287,1,0.201576,нет,Запросить исходящие переводы от gid 100000001270470100 за следующий шаг; оценка скрытого выхода 29%.
245,100000002506987100,4,1,28200.0,0.287,8,0.201468,нет,Запросить исходящие переводы от gid 100000002506987100 за следующий шаг; оценка скрытого выхода 29%.
246,100000004241142100,4,1,27102.0,0.287,1,0.201121,нет,Запросить исходящие переводы от gid 100000004241142100 за следующий шаг; оценка скрытого выхода 29%.
247,100000003486846100,4,1,27000.0,0.287,5,0.164688,нет,Запросить исходящие переводы от gid 100000003486846100 за следующий шаг; оценка скрытого выхода 29%.
248,100000004788983100,4,1,27000.0,0.287,1,0.200904,нет,Запросить исходящие переводы от gid 100000004788983100 за следующий шаг; оценка скрытого выхода 29%.
249,100000005685783100,4,1,26150.0,0.287,2,0.163626,нет,Запросить исходящие переводы от gid 100000005685783100 за следующий шаг; оценка скрытого выхода 29%.
250,100000005589319100,4,1,26000.0,0.287,4,0.163236,нет,Запросить исходящие переводы от gid 100000005589319100 за следующий шаг; оценка скрытого выхода 29%.
251,100000000404740100,4,1,25000.0,0.287,27,0.161891,нет,Запросить исходящие переводы от gid 100000000404740100 за следующий шаг; оценка скрытого выхода 29%.
252,100000001598625100,4,1,25000.0,0.287,7,0.161891,нет,Запросить исходящие переводы от gid 100000001598625100 за следующий шаг; оценка скрытого выхода 29%.
253,100000002229615100,4,1,25000.0,0.287,23,0.198107,нет,Запросить исходящие переводы от gid 100000002229615100 за следующий шаг; оценка скрытого выхода 29%.
254,100000002369454100,4,1,25000.0,0.287,7,0.161891,нет,Запросить исходящие переводы от gid 100000002369454100 за следующий шаг; оценка скрытого выхода 29%.
255,100000004291663100,4,1,25000.0,0.287,1,0.198107,нет,Запросить исходящие переводы от gid 100000004291663100 за следующий шаг; оценка скрытого выхода 29%.
256,100000008588665100,4,1,25000.0,0.287,1,0.198107,нет,Запросить исходящие переводы от gid 100000008588665100 за следующий шаг; оценка скрытого выхода 29%.
257,100000008071749100,4,1,24943.0,0.287,8,0.197391,нет,Запросить исходящие переводы от gid 100000008071749100 за следующий шаг; оценка скрытого выхода 29%.
258,100000000634341100,4,1,24000.0,0.287,1,0.160416,нет,Запросить исходящие переводы от gid 100000000634341100 за следующий шаг; оценка скрытого выхода 29%.
259,100000004655046100,4,1,24000.0,0.287,8,0.160416,нет,Запросить исходящие переводы от gid 100000004655046100 за следующий шаг; оценка скрытого выхода 29%.
260,100000005497148100,4,1,24000.0,0.287,6,0.21372,нет,Запросить исходящие переводы от gid 100000005497148100 за следующий шаг; оценка скрытого выхода 29%.
261,100000003173783100,4,1,23500.0,0.287,31,0.159375,нет,Запросить исходящие переводы от gid 100000003173783100 за следующий шаг; оценка скрытого выхода 29%.
262,100000008130868100,4,1,22782.0,0.287,10,0.158616,нет,Запросить исходящие переводы от gid 100000008130868100 за следующий шаг; оценка скрытого выхода 29%.
263,100000004400480100,4,1,21700.0,0.287,10,0.157836,нет,Запросить исходящие переводы от gid 100000004400480100 за следующий шаг; оценка скрытого выхода 29%.
264,100000000581662100,4,1,21160.0,0.287,10,0.157575,нет,Запросить исходящие переводы от gid 100000000581662100 за следующий шаг; оценка скрытого выхода 29%.
265,100000003500764100,4,1,21000.0,0.287,17,0.210663,нет,Запросить исходящие переводы от gid 100000003500764100 за следующий шаг; оценка скрытого выхода 29%.
266,100000004908173100,4,1,21000.0,0.287,3,0.157359,нет,Запросить исходящие переводы от gid 100000004908173100 за следующий шаг; оценка скрытого выхода 29%.
267,100000001991973100,4,1,20800.0,0.287,19,0.157098,нет,Запросить исходящие переводы от gid 100000001991973100 за следующий шаг; оценка скрытого выхода 29%.
268,100000001286703100,4,1,20500.0,0.287,40,0.210272,нет,Запросить исходящие переводы от gid 100000001286703100 за следующий шаг; оценка скрытого выхода 29%.
269,100000000673915100,4,1,20200.0,0.287,37,0.210121,нет,Запросить исходящие переводы от gid 100000000673915100 за следующий шаг; оценка скрытого выхода 29%.
270,100000004616845100,4,1,20200.0,0.287,58,0.156816,нет,Запросить исходящие переводы от gid 100000004616845100 за следующий шаг; оценка скрытого выхода 29%.
271,100000000500040100,4,1,20000.0,0.287,1,0.191731,нет,Запросить исходящие переводы от gid 100000000500040100 за следующий шаг; оценка скрытого выхода 29%.
272,100000000655469100,4,1,20000.0,0.287,23,0.191731,нет,Запросить исходящие переводы от gid 100000000655469100 за следующий шаг; оценка скрытого выхода 29%.
273,100000001275557100,4,1,20000.0,0.287,24,0.155515,нет,Запросить исходящие переводы от gid 100000001275557100 за следующий шаг; оценка скрытого выхода 29%.
274,100000001845505100,4,1,20000.0,0.287,7,0.191731,нет,Запросить исходящие переводы от gid 100000001845505100 за следующий шаг; оценка скрытого выхода 29%.
275,100000002227989100,4,1,20000.0,0.287,23,0.155515,нет,Запросить исходящие переводы от gid 100000002227989100 за следующий шаг; оценка скрытого выхода 29%.
276,100000002305477100,4,1,20000.0,0.287,23,0.155515,нет,Запросить исходящие переводы от gid 100000002305477100 за следующий шаг; оценка скрытого выхода 29%.
277,100000002748511100,4,1,20000.0,0.287,5,0.155515,нет,Запросить исходящие переводы от gid 100000002748511100 за следующий шаг; оценка скрытого выхода 29%.
278,100000003177533100,4,1,20000.0,0.287,7,0.155515,нет,Запросить исходящие переводы от gid 100000003177533100 за следующий шаг; оценка скрытого выхода 29%.
279,100000003370425100,4,1,20000.0,0.287,14,0.219315,нет,Запросить исходящие переводы от gid 100000003370425100 за следующий шаг; оценка скрытого выхода 29%.
280,100000004070530100,4,1,20000.0,0.287,40,0.208819,нет,Запросить исходящие переводы от gid 100000004070530100 за следующий шаг; оценка скрытого выхода 29%.
281,100000004350094100,4,1,20000.0,0.287,18,0.155515,нет,Запросить исходящие переводы от gid 100000004350094100 за следующий шаг; оценка скрытого выхода 29%.
282,100000004571634100,4,1,20000.0,0.287,12,0.155515,нет,Запросить исходящие переводы от gid 100000004571634100 за следующий шаг; оценка скрытого выхода 29%.
283,100000004674178100,4,1,20000.0,0.287,27,0.155515,нет,Запросить исходящие переводы от gid 100000004674178100 за следующий шаг; оценка скрытого выхода 29%.
284,100000004791226100,4,1,20000.0,0.287,1,0.191731,нет,Запросить исходящие переводы от gid 100000004791226100 за следующий шаг; оценка скрытого выхода 29%.
285,100000004856746100,4,1,20000.0,0.287,35,0.155515,нет,Запросить исходящие переводы от gid 100000004856746100 за следующий шаг; оценка скрытого выхода 29%.
286,100000004988240100,4,1,20000.0,0.287,1,0.191731,нет,Запросить исходящие переводы от gid 100000004988240100 за следующий шаг; оценка скрытого выхода 29%.
287,100000005087923100,4,1,20000.0,0.287,9,0.155515,нет,Запросить исходящие переводы от gid 100000005087923100 за следующий шаг; оценка скрытого выхода 29%.
288,100000006512787100,4,1,20000.0,0.287,1,0.191731,нет,Запросить исходящие переводы от gid 100000006512787100 за следующий шаг; оценка скрытого выхода 29%.
289,100000006918814100,4,1,20000.0,0.287,4,0.155515,нет,Запросить исходящие переводы от gid 100000006918814100 за следующий шаг; оценка скрытого выхода 29%.
290,100000007988344100,4,1,20000.0,0.287,1,0.191731,3 входов у порога 5–10 тыс.,Запросить исходящие переводы от gid 100000007988344100 за следующий шаг; оценка скрытого выхода 29%.
291,100000008471634100,4,1,20000.0,0.287,27,0.155515,нет,Запросить исходящие переводы от gid 100000008471634100 за следующий шаг; оценка скрытого выхода 29%.
292,100000008629504100,4,1,20000.0,0.287,1,0.155515,нет,Запросить исходящие переводы от gid 100000008629504100 за следующий шаг; оценка скрытого выхода 29%.
293,100000001130553100,4,1,18000.0,0.287,6,0.20626,нет,Запросить исходящие переводы от gid 100000001130553100 за следующий шаг; оценка скрытого выхода 29%.
294,100000002723439100,4,1,18000.0,0.287,34,0.152956,нет,Запросить исходящие переводы от gid 100000002723439100 за следующий шаг; оценка скрытого выхода 29%.
295,100000002748040100,4,1,18000.0,0.287,8,0.189172,нет,Запросить исходящие переводы от gid 100000002748040100 за следующий шаг; оценка скрытого выхода 29%.
296,100000008461217100,4,1,18000.0,0.287,52,0.152956,нет,Запросить исходящие переводы от gid 100000008461217100 за следующий шаг; оценка скрытого выхода 29%.
297,100000002514975100,4,1,17920.0,0.287,28,0.152544,нет,Запросить исходящие переводы от gid 100000002514975100 за следующий шаг; оценка скрытого выхода 29%.
298,100000004041294100,4,1,17800.0,0.287,27,0.152458,нет,Запросить исходящие переводы от gid 100000004041294100 за следующий шаг; оценка скрытого выхода 29%.
299,100000005226217100,4,1,17500.0,0.287,3,0.188044,нет,Запросить исходящие переводы от gid 100000005226217100 за следующий шаг; оценка скрытого выхода 29%.
300,100000005553088100,4,1,17500.0,0.287,7,0.151829,нет,Запросить исходящие переводы от gid 100000005553088100 за следующий шаг; оценка скрытого выхода 29%.
301,100000001249054100,4,1,17375.0,0.287,8,0.187892,нет,Запросить исходящие переводы от gid 100000001249054100 за следующий шаг; оценка скрытого выхода 29%.
302,100000003010908100,4,1,17000.0,0.287,8,0.150896,нет,Запросить исходящие переводы от gid 100000003010908100 за следующий шаг; оценка скрытого выхода 29%.
303,100000008759795100,4,1,17000.0,0.287,19,0.150896,нет,Запросить исходящие переводы от gid 100000008759795100 за следующий шаг; оценка скрытого выхода 29%.
304,100000000981693100,4,1,16500.0,0.287,1,0.186721,нет,Запросить исходящие переводы от gid 100000000981693100 за следующий шаг; оценка скрытого выхода 29%.
305,100000006866831100,4,1,16500.0,0.287,1,0.150506,нет,Запросить исходящие переводы от gid 100000006866831100 за следующий шаг; оценка скрытого выхода 29%.
306,100000003096787100,4,1,16400.0,0.287,8,0.186548,нет,Запросить исходящие переводы от gid 100000003096787100 за следующий шаг; оценка скрытого выхода 29%.
307,100000001065481100,4,1,16000.0,0.287,14,0.150007,нет,Запросить исходящие переводы от gid 100000001065481100 за следующий шаг; оценка скрытого выхода 29%.
308,100000006491963100,4,1,16000.0,0.287,19,0.150007,3 входов у порога 5–10 тыс.,Запросить исходящие переводы от gid 100000006491963100 за следующий шаг; оценка скрытого выхода 29%.
309,100000007653094100,4,1,16000.0,0.287,14,0.213807,нет,Запросить исходящие переводы от gid 100000007653094100 за следующий шаг; оценка скрытого выхода 29%.
310,100000002528978100,4,1,15900.0,0.287,8,0.185984,нет,Запросить исходящие переводы от gid 100000002528978100 за следующий шаг; оценка скрытого выхода 29%.
311,100000004222274100,4,1,15500.0,0.287,1,0.149053,нет,Запросить исходящие переводы от gid 100000004222274100 за следующий шаг; оценка скрытого выхода 29%.
312,100000002733083100,4,1,15200.0,0.287,8,0.185052,нет,Запросить исходящие переводы от gid 100000002733083100 за следующий шаг; оценка скрытого выхода 29%.
313,100000000424935100,4,1,15000.0,0.287,29,0.148077,нет,Запросить исходящие переводы от gid 100000000424935100 за следующий шаг; оценка скрытого выхода 29%.
314,100000002231144100,4,1,15000.0,0.287,23,0.148077,нет,Запросить исходящие переводы от gid 100000002231144100 за следующий шаг; оценка скрытого выхода 29%.
315,100000002304943100,4,1,15000.0,0.287,23,0.148077,нет,Запросить исходящие переводы от gid 100000002304943100 за следующий шаг; оценка скрытого выхода 29%.
316,100000002653187100,4,1,15000.0,0.287,13,0.148077,нет,Запросить исходящие переводы от gid 100000002653187100 за следующий шаг; оценка скрытого выхода 29%.
317,100000002707106100,4,1,15000.0,0.287,15,0.148077,нет,Запросить исходящие переводы от gid 100000002707106100 за следующий шаг; оценка скрытого выхода 29%.
318,100000003083865100,4,1,15000.0,0.287,8,0.184293,нет,Запросить исходящие переводы от gid 100000003083865100 за следующий шаг; оценка скрытого выхода 29%.
319,100000003166017100,4,1,15000.0,0.287,8,0.184293,нет,Запросить исходящие переводы от gid 100000003166017100 за следующий шаг; оценка скрытого выхода 29%.
320,100000003622955100,4,1,15000.0,0.287,12,0.184293,нет,Запросить исходящие переводы от gid 100000003622955100 за следующий шаг; оценка скрытого выхода 29%.
321,100000004379306100,4,1,15000.0,0.287,7,0.148077,нет,Запросить исходящие переводы от gid 100000004379306100 за следующий шаг; оценка скрытого выхода 29%.
322,100000004674389100,4,1,15000.0,0.287,12,0.148077,нет,Запросить исходящие переводы от gid 100000004674389100 за следующий шаг; оценка скрытого выхода 29%.
323,100000006412162100,4,1,15000.0,0.287,19,0.148077,нет,Запросить исходящие переводы от gid 100000006412162100 за следующий шаг; оценка скрытого выхода 29%.
324,100000008524903100,4,1,15000.0,0.287,1,0.184293,нет,Запросить исходящие переводы от gid 100000008524903100 за следующий шаг; оценка скрытого выхода 29%.
325,100000005495211100,4,1,14500.0,0.287,1,0.183252,нет,Запросить исходящие переводы от gid 100000005495211100 за следующий шаг; оценка скрытого выхода 29%.
326,100000008525136100,4,1,14100.0,0.287,1,0.200123,нет,Запросить исходящие переводы от gid 100000008525136100 за следующий шаг; оценка скрытого выхода 29%.
327,100000003078839100,4,1,14000.0,0.287,7,0.146537,нет,Запросить исходящие переводы от gid 100000003078839100 за следующий шаг; оценка скрытого выхода 29%.
328,100000005782886100,4,1,14000.0,0.287,3,0.182753,нет,Запросить исходящие переводы от gid 100000005782886100 за следующий шаг; оценка скрытого выхода 29%.
329,100000008554390100,4,1,14000.0,0.287,19,0.146537,нет,Запросить исходящие переводы от gid 100000008554390100 за следующий шаг; оценка скрытого выхода 29%.
330,100000008710913100,4,1,14000.0,0.287,3,0.182753,нет,Запросить исходящие переводы от gid 100000008710913100 за следующий шаг; оценка скрытого выхода 29%.
331,100000004502048100,4,1,13888.0,0.287,18,0.146255,нет,Запросить исходящие переводы от gid 100000004502048100 за следующий шаг; оценка скрытого выхода 29%.
332,100000002320495100,4,1,13526.27,0.287,17,0.146125,нет,Запросить исходящие переводы от gid 100000002320495100 за следующий шаг; оценка скрытого выхода 29%.
333,100000008677368100,4,1,13500.0,0.287,11,0.146082,нет,Запросить исходящие переводы от gid 100000008677368100 за следующий шаг; оценка скрытого выхода 29%.
334,100000004167082100,4,1,13300.0,0.287,14,0.182167,нет,Запросить исходящие переводы от gid 100000004167082100 за следующий шаг; оценка скрытого выхода 29%.
335,100000004691350100,4,1,13300.0,0.287,51,0.145952,нет,Запросить исходящие переводы от gid 100000004691350100 за следующий шаг; оценка скрытого выхода 29%.
336,100000001089055100,4,1,13000.0,0.287,17,0.145561,нет,Запросить исходящие переводы от gid 100000001089055100 за следующий шаг; оценка скрытого выхода 29%.
337,100000005849862100,4,1,13000.0,0.287,11,0.145561,нет,Запросить исходящие переводы от gid 100000005849862100 за следующий шаг; оценка скрытого выхода 29%.
338,100000007997939100,4,1,13000.0,0.287,3,0.181777,нет,Запросить исходящие переводы от gid 100000007997939100 за следующий шаг; оценка скрытого выхода 29%.
339,100000008631800100,4,1,12850.0,0.287,19,0.145345,нет,Запросить исходящие переводы от gid 100000008631800100 за следующий шаг; оценка скрытого выхода 29%.
340,100000002832753100,4,1,12500.0,0.287,16,0.145084,нет,Запросить исходящие переводы от gid 100000002832753100 за следующий шаг; оценка скрытого выхода 29%.
341,100000004232712100,4,1,12500.0,0.287,6,0.198388,нет,Запросить исходящие переводы от gid 100000004232712100 за следующий шаг; оценка скрытого выхода 29%.
342,100000004386286100,4,1,12500.0,0.287,13,0.1813,нет,Запросить исходящие переводы от gid 100000004386286100 за следующий шаг; оценка скрытого выхода 29%.
343,100000003047800100,4,1,12212.0,0.287,10,0.144694,нет,Запросить исходящие переводы от gid 100000003047800100 за следующий шаг; оценка скрытого выхода 29%.
344,100000002645046100,4,1,12000.0,0.287,19,0.14426,нет,Запросить исходящие переводы от gid 100000002645046100 за следующий шаг; оценка скрытого выхода 29%.
345,100000002876914100,4,1,12000.0,0.287,19,0.14426,нет,Запросить исходящие переводы от gid 100000002876914100 за следующий шаг; оценка скрытого выхода 29%.
346,100000004780327100,4,1,12000.0,0.287,19,0.14426,нет,Запросить исходящие переводы от gid 100000004780327100 за следующий шаг; оценка скрытого выхода 29%.
347,100000007381662100,4,1,11000.0,0.287,1,0.17976,нет,Запросить исходящие переводы от gid 100000007381662100 за следующий шаг; оценка скрытого выхода 29%.
348,100000008327791100,4,1,11000.0,0.287,17,0.143545,нет,Запросить исходящие переводы от gid 100000008327791100 за следующий шаг; оценка скрытого выхода 29%.
349,100000006693788100,4,1,10764.0,0.287,1,0.143263,нет,Запросить исходящие переводы от gid 100000006693788100 за следующий шаг; оценка скрытого выхода 29%.
350,100000000299820100,4,1,10000.0,0.287,7,0.141354,нет,Запросить исходящие переводы от gid 100000000299820100 за следующий шаг; оценка скрытого выхода 29%.
351,100000000704700100,4,1,10000.0,0.287,26,0.141354,нет,Запросить исходящие переводы от gid 100000000704700100 за следующий шаг; оценка скрытого выхода 29%.
352,100000001202637100,4,1,10000.0,0.287,8,0.141354,нет,Запросить исходящие переводы от gid 100000001202637100 за следующий шаг; оценка скрытого выхода 29%.
353,100000002130400100,4,1,10000.0,0.287,38,0.141354,нет,Запросить исходящие переводы от gid 100000002130400100 за следующий шаг; оценка скрытого выхода 29%.
354,100000002227960100,4,1,10000.0,0.287,23,0.141354,нет,Запросить исходящие переводы от gid 100000002227960100 за следующий шаг; оценка скрытого выхода 29%.
355,100000002540033100,4,1,10000.0,0.287,22,0.141354,нет,Запросить исходящие переводы от gid 100000002540033100 за следующий шаг; оценка скрытого выхода 29%.
356,100000002726055100,4,1,10000.0,0.287,23,0.141354,нет,Запросить исходящие переводы от gid 100000002726055100 за следующий шаг; оценка скрытого выхода 29%.
357,100000002728246100,4,1,10000.0,0.287,6,0.194658,нет,Запросить исходящие переводы от gid 100000002728246100 за следующий шаг; оценка скрытого выхода 29%.
358,100000002981489100,4,1,10000.0,0.287,6,0.194658,нет,Запросить исходящие переводы от gid 100000002981489100 за следующий шаг; оценка скрытого выхода 29%.
359,100000002999140100,4,1,10000.0,0.287,13,0.141354,нет,Запросить исходящие переводы от gid 100000002999140100 за следующий шаг; оценка скрытого выхода 29%.
360,100000003105089100,4,1,10000.0,0.287,23,0.141354,нет,Запросить исходящие переводы от gid 100000003105089100 за следующий шаг; оценка скрытого выхода 29%.
361,100000003146511100,4,1,10000.0,0.287,14,0.17757,нет,Запросить исходящие переводы от gid 100000003146511100 за следующий шаг; оценка скрытого выхода 29%.
362,100000003632533100,4,1,10000.0,0.287,6,0.194658,нет,Запросить исходящие переводы от gid 100000003632533100 за следующий шаг; оценка скрытого выхода 29%.
363,100000003904497100,4,1,10000.0,0.287,3,0.17757,нет,Запросить исходящие переводы от gid 100000003904497100 за следующий шаг; оценка скрытого выхода 29%.
364,100000004049912100,4,1,10000.0,0.287,18,0.141354,нет,Запросить исходящие переводы от gid 100000004049912100 за следующий шаг; оценка скрытого выхода 29%.
365,100000004177936100,4,1,10000.0,0.287,7,0.141354,нет,Запросить исходящие переводы от gid 100000004177936100 за следующий шаг; оценка скрытого выхода 29%.
366,100000004260869100,4,1,10000.0,0.287,5,0.141354,нет,Запросить исходящие переводы от gid 100000004260869100 за следующий шаг; оценка скрытого выхода 29%.
367,100000004265639100,4,1,10000.0,0.287,7,0.141354,нет,Запросить исходящие переводы от gid 100000004265639100 за следующий шаг; оценка скрытого выхода 29%.
368,100000004272302100,4,1,10000.0,0.287,48,0.141354,нет,Запросить исходящие переводы от gid 100000004272302100 за следующий шаг; оценка скрытого выхода 29%.
369,100000004850609100,4,1,10000.0,0.287,1,0.141354,нет,Запросить исходящие переводы от gid 100000004850609100 за следующий шаг; оценка скрытого выхода 29%.
370,100000004981068100,4,1,10000.0,0.287,7,0.17757,нет,Запросить исходящие переводы от gid 100000004981068100 за следующий шаг; оценка скрытого выхода 29%.
371,100000005041147100,4,1,10000.0,0.287,1,0.17757,нет,Запросить исходящие переводы от gid 100000005041147100 за следующий шаг; оценка скрытого выхода 29%.
372,100000006171671100,4,1,10000.0,0.287,1,0.17757,нет,Запросить исходящие переводы от gid 100000006171671100 за следующий шаг; оценка скрытого выхода 29%.
373,100000008758106100,4,1,10000.0,0.287,3,0.17757,нет,Запросить исходящие переводы от gid 100000008758106100 за следующий шаг; оценка скрытого выхода 29%.
374,100000008761132100,4,1,10000.0,0.287,3,0.17757,нет,Запросить исходящие переводы от gid 100000008761132100 за следующий шаг; оценка скрытого выхода 29%.
375,100000008761220100,4,1,10000.0,0.287,3,0.17757,нет,Запросить исходящие переводы от gid 100000008761220100 за следующий шаг; оценка скрытого выхода 29%.
376,100000008778753100,4,1,10000.0,0.287,27,0.141354,нет,Запросить исходящие переводы от gid 100000008778753100 за следующий шаг; оценка скрытого выхода 29%.
377,100000004780083100,4,1,9999.0,0.287,61,0.139793,нет,Запросить исходящие переводы от gid 100000004780083100 за следующий шаг; оценка скрытого выхода 29%.
378,100000001325618100,4,1,9300.0,0.287,19,0.139316,нет,Запросить исходящие переводы от gid 100000001325618100 за следующий шаг; оценка скрытого выхода 29%.
379,100000002258492100,4,1,9000.0,0.287,20,0.139056,нет,Запросить исходящие переводы от gid 100000002258492100 за следующий шаг; оценка скрытого выхода 29%.
380,100000003481025100,4,1,9000.0,0.287,1,0.139056,нет,Запросить исходящие переводы от gid 100000003481025100 за следующий шаг; оценка скрытого выхода 29%.
381,100000004263867100,4,1,9000.0,0.287,19,0.139056,нет,Запросить исходящие переводы от gid 100000004263867100 за следующий шаг; оценка скрытого выхода 29%.
382,100000004449824100,4,1,9000.0,0.287,19,0.139056,нет,Запросить исходящие переводы от gid 100000004449824100 за следующий шаг; оценка скрытого выхода 29%.
383,100000006903193100,4,1,9000.0,0.287,1,0.175271,нет,Запросить исходящие переводы от gid 100000006903193100 за следующий шаг; оценка скрытого выхода 29%.
384,100000000542087100,4,1,8506.91,0.287,37,0.191969,нет,Запросить исходящие переводы от gid 100000000542087100 за следующий шаг; оценка скрытого выхода 29%.
385,100000001256409100,4,1,8000.0,0.287,21,0.138102,нет,Запросить исходящие переводы от gid 100000001256409100 за следующий шаг; оценка скрытого выхода 29%.
386,100000001299443100,4,1,8000.0,0.287,19,0.138102,нет,Запросить исходящие переводы от gid 100000001299443100 за следующий шаг; оценка скрытого выхода 29%.
387,100000002597074100,4,1,8000.0,0.287,1,0.174317,нет,Запросить исходящие переводы от gid 100000002597074100 за следующий шаг; оценка скрытого выхода 29%.
388,100000003792647100,4,1,8000.0,0.287,6,0.191406,нет,Запросить исходящие переводы от gid 100000003792647100 за следующий шаг; оценка скрытого выхода 29%.
389,100000004433250100,4,1,8000.0,0.287,1,0.174317,нет,Запросить исходящие переводы от gid 100000004433250100 за следующий шаг; оценка скрытого выхода 29%.
390,100000005367180100,4,1,7700.0,0.287,7,0.137711,нет,Запросить исходящие переводы от gid 100000005367180100 за следующий шаг; оценка скрытого выхода 29%.
391,100000004848236100,4,1,7500.0,0.287,1,0.173753,нет,Запросить исходящие переводы от gid 100000004848236100 за следующий шаг; оценка скрытого выхода 29%.
392,100000005010159100,4,1,7092.0,0.287,7,0.137364,нет,Запросить исходящие переводы от gid 100000005010159100 за следующий шаг; оценка скрытого выхода 29%.
393,100000000018102100,4,1,7000.0,0.287,1,0.137082,нет,Запросить исходящие переводы от gid 100000000018102100 за следующий шаг; оценка скрытого выхода 29%.
394,100000003005167100,4,1,7000.0,0.287,19,0.137082,нет,Запросить исходящие переводы от gid 100000003005167100 за следующий шаг; оценка скрытого выхода 29%.
395,100000003950749100,4,1,7000.0,0.287,5,0.137082,нет,Запросить исходящие переводы от gid 100000003950749100 за следующий шаг; оценка скрытого выхода 29%.
396,100000008762843100,4,1,7000.0,0.287,3,0.137082,нет,Запросить исходящие переводы от gid 100000008762843100 за следующий шаг; оценка скрытого выхода 29%.
397,100000008762885100,4,1,7000.0,0.287,3,0.137082,нет,Запросить исходящие переводы от gid 100000008762885100 за следующий шаг; оценка скрытого выхода 29%.
398,100000001714883100,4,1,6900.0,0.287,19,0.136757,нет,Запросить исходящие переводы от gid 100000001714883100 за следующий шаг; оценка скрытого выхода 29%.
399,100000001297206100,4,1,6758.0,0.287,1,0.13667,нет,Запросить исходящие переводы от gid 100000001297206100 за следующий шаг; оценка скрытого выхода 29%.
400,100000002474570100,4,1,6750.0,0.287,19,0.136605,нет,Запросить исходящие переводы от gid 100000002474570100 за следующий шаг; оценка скрытого выхода 29%.
401,100000004800452100,4,1,6544.53,0.287,6,0.189844,нет,Запросить исходящие переводы от gid 100000004800452100 за следующий шаг; оценка скрытого выхода 29%.
402,100000000627521100,4,1,6500.0,0.287,40,0.189757,нет,Запросить исходящие переводы от gid 100000000627521100 за следующий шаг; оценка скрытого выхода 29%.
403,100000003084870100,4,1,6500.0,0.287,10,0.136453,нет,Запросить исходящие переводы от gid 100000003084870100 за следующий шаг; оценка скрытого выхода 29%.
404,100000003194831100,4,1,6265.0,0.287,10,0.136323,нет,Запросить исходящие переводы от gid 100000003194831100 за следующий шаг; оценка скрытого выхода 29%.
405,100000002512742100,4,1,6000.0,0.287,19,0.135868,нет,Запросить исходящие переводы от gid 100000002512742100 за следующий шаг; оценка скрытого выхода 29%.
406,100000002878483100,4,1,6000.0,0.287,19,0.135868,нет,Запросить исходящие переводы от gid 100000002878483100 за следующий шаг; оценка скрытого выхода 29%.
407,100000003838587100,4,1,6000.0,0.287,15,0.135868,нет,Запросить исходящие переводы от gid 100000003838587100 за следующий шаг; оценка скрытого выхода 29%.
408,100000008321975100,4,1,5900.0,0.287,23,0.171845,нет,Запросить исходящие переводы от gid 100000008321975100 за следующий шаг; оценка скрытого выхода 29%.
409,100000002986245100,4,1,5750.0,0.287,19,0.135543,нет,Запросить исходящие переводы от gid 100000002986245100 за следующий шаг; оценка скрытого выхода 29%.
410,100000004377043100,4,1,5700.0,0.287,29,0.135456,нет,Запросить исходящие переводы от gid 100000004377043100 за следующий шаг; оценка скрытого выхода 29%.
411,100000001498732100,4,1,5500.0,0.287,3,0.135196,нет,Запросить исходящие переводы от gid 100000001498732100 за следующий шаг; оценка скрытого выхода 29%.
412,100000004013952100,4,1,5500.0,0.287,1,0.135196,нет,Запросить исходящие переводы от gid 100000004013952100 за следующий шаг; оценка скрытого выхода 29%.
413,100000004268036100,4,1,5500.0,0.287,19,0.135196,нет,Запросить исходящие переводы от gid 100000004268036100 за следующий шаг; оценка скрытого выхода 29%.
414,100000004569637100,4,1,5500.0,0.287,7,0.135196,нет,Запросить исходящие переводы от gid 100000004569637100 за следующий шаг; оценка скрытого выхода 29%.
415,100000005146665100,4,1,5500.0,0.287,58,0.135196,нет,Запросить исходящие переводы от gid 100000005146665100 за следующий шаг; оценка скрытого выхода 29%.
416,100000008074304100,4,1,5500.0,0.287,6,0.1885,нет,Запросить исходящие переводы от gid 100000008074304100 за следующий шаг; оценка скрытого выхода 29%.
417,100000005293969100,4,1,5466.97,0.287,1,0.135022,нет,Запросить исходящие переводы от gid 100000005293969100 за следующий шаг; оценка скрытого выхода 29%.
418,100000008255655100,4,1,5400.0,0.287,17,0.134935,нет,Запросить исходящие переводы от gid 100000008255655100 за следующий шаг; оценка скрытого выхода 29%.
419,100000000957746100,4,1,5300.0,0.287,17,0.188153,нет,Запросить исходящие переводы от gid 100000000957746100 за следующий шаг; оценка скрытого выхода 29%.
420,100000002635746100,4,1,5300.0,0.287,19,0.134849,нет,Запросить исходящие переводы от gid 100000002635746100 за следующий шаг; оценка скрытого выхода 29%.
421,100000005025629100,4,1,5227.0,0.287,6,0.187979,нет,Запросить исходящие переводы от gid 100000005025629100 за следующий шаг; оценка скрытого выхода 29%.
422,100000008648783100,4,1,5200.0,0.287,19,0.13461,нет,Запросить исходящие переводы от gid 100000008648783100 за следующий шаг; оценка скрытого выхода 29%.
423,100000005910895100,4,1,5100.0,0.287,34,0.134502,нет,Запросить исходящие переводы от gid 100000005910895100 за следующий шаг; оценка скрытого выхода 29%.
424,100000001590795100,4,1,5060.0,0.287,19,0.134458,нет,Запросить исходящие переводы от gid 100000001590795100 за следующий шаг; оценка скрытого выхода 29%.
425,100000000369781100,4,1,5000.0,0.287,6,0.186526,нет,Запросить исходящие переводы от gid 100000000369781100 за следующий шаг; оценка скрытого выхода 29%.
426,100000000581682100,4,1,5000.0,0.287,29,0.133222,нет,Запросить исходящие переводы от gid 100000000581682100 за следующий шаг; оценка скрытого выхода 29%.
427,100000002994441100,4,1,5000.0,0.287,7,0.133222,нет,Запросить исходящие переводы от gid 100000002994441100 за следующий шаг; оценка скрытого выхода 29%.
428,100000003214786100,4,1,5000.0,0.287,1,0.169438,нет,Запросить исходящие переводы от gid 100000003214786100 за следующий шаг; оценка скрытого выхода 29%.
429,100000003626268100,4,1,5000.0,0.287,7,0.133222,нет,Запросить исходящие переводы от gid 100000003626268100 за следующий шаг; оценка скрытого выхода 29%.
430,100000003646145100,4,1,5000.0,0.287,33,0.133222,нет,Запросить исходящие переводы от gid 100000003646145100 за следующий шаг; оценка скрытого выхода 29%.
431,100000003786516100,4,1,5000.0,0.287,1,0.186526,нет,Запросить исходящие переводы от gid 100000003786516100 за следующий шаг; оценка скрытого выхода 29%.
432,100000004107228100,4,1,5000.0,0.287,4,0.169438,нет,Запросить исходящие переводы от gid 100000004107228100 за следующий шаг; оценка скрытого выхода 29%.
433,100000004403548100,4,1,5000.0,0.287,7,0.133222,нет,Запросить исходящие переводы от gid 100000004403548100 за следующий шаг; оценка скрытого выхода 29%.
434,100000004472936100,4,1,5000.0,0.287,14,0.169438,нет,Запросить исходящие переводы от gid 100000004472936100 за следующий шаг; оценка скрытого выхода 29%.
435,100000005209352100,4,1,5000.0,0.287,1,0.169438,нет,Запросить исходящие переводы от gid 100000005209352100 за следующий шаг; оценка скрытого выхода 29%.
436,100000005370558100,4,1,5000.0,0.287,1,0.133222,нет,Запросить исходящие переводы от gid 100000005370558100 за следующий шаг; оценка скрытого выхода 29%.
437,100000006735545100,4,1,5000.0,0.287,7,0.186526,нет,Запросить исходящие переводы от gid 100000006735545100 за следующий шаг; оценка скрытого выхода 29%.
438,100000008649416100,4,1,5000.0,0.287,17,0.133222,нет,Запросить исходящие переводы от gid 100000008649416100 за следующий шаг; оценка скрытого выхода 29%.
439,100000008758607100,4,1,5000.0,0.287,3,0.169438,нет,Запросить исходящие переводы от gid 100000008758607100 за следующий шаг; оценка скрытого выхода 29%.
440,100000008762005100,4,1,5000.0,0.287,3,0.133222,нет,Запросить исходящие переводы от gid 100000008762005100 за следующий шаг; оценка скрытого выхода 29%.
441,100000008766031100,4,1,5000.0,0.287,3,0.169438,нет,Запросить исходящие переводы от gid 100000008766031100 за следующий шаг; оценка скрытого выхода 29%.
442,100000008766764100,4,1,5000.0,0.287,3,0.169438,нет,Запросить исходящие переводы от gid 100000008766764100 за следующий шаг; оценка скрытого выхода 29%.
443,100000008770483100,4,1,5000.0,0.287,49,0.169438,нет,Запросить исходящие переводы от gid 100000008770483100 за следующий шаг; оценка скрытого выхода 29%.
444,100000008775747100,4,1,5000.0,0.287,3,0.169438,нет,Запросить исходящие переводы от gid 100000008775747100 за следующий шаг; оценка скрытого выхода 29%.
