route_id,kind,position,gid,role,cluster_id,is_seed,priority_score,path
1,repeated,1,100000008314203100,peripheral,41,True,0.499081,100000008314203100 → 100000008637537100 → 100000001732159100
1,repeated,2,100000008637537100,peripheral,41,True,0.602789,100000008314203100 → 100000008637537100 → 100000001732159100
1,repeated,3,100000001732159100,peripheral,41,True,0.582587,100000008314203100 → 100000008637537100 → 100000001732159100
2,repeated,1,100000004400305100,distributor,1,False,0.886588,100000004400305100 → 100000007594394100 → 100000006274203100
2,repeated,2,100000007594394100,consolidator,18,False,0.901557,100000004400305100 → 100000007594394100 → 100000006274203100
2,repeated,3,100000006274203100,peripheral,18,False,0.652027,100000004400305100 → 100000007594394100 → 100000006274203100
3,repeated,1,100000006579678100,peripheral,5,False,0.612203,100000006579678100 → 100000003016635100 → 100000004559194100
3,repeated,2,100000003016635100,distributor,5,True,0.825536,100000006579678100 → 100000003016635100 → 100000004559194100
3,repeated,3,100000004559194100,terminal,5,False,0.434689,100000006579678100 → 100000003016635100 → 100000004559194100
4,repeated,1,100000002267998100,peripheral,24,False,0.620385,100000002267998100 → 100000003701161100 → 100000003718221100
4,repeated,2,100000003701161100,peripheral,24,False,0.6871,100000002267998100 → 100000003701161100 → 100000003718221100
4,repeated,3,100000003718221100,peripheral,24,False,0.624383,100000002267998100 → 100000003701161100 → 100000003718221100
5,repeated,1,100000006866783100,distributor,1,True,0.830206,100000006866783100 → 100000008686313100 → 100000002826669100
5,repeated,2,100000008686313100,peripheral,1,False,0.702449,100000006866783100 → 100000008686313100 → 100000002826669100
5,repeated,3,100000002826669100,terminal,1,False,0.446486,100000006866783100 → 100000008686313100 → 100000002826669100
6,repeated,1,100000005048668100,distributor,7,False,0.76577,100000005048668100 → 100000008603629100 → 100000005830339100
6,repeated,2,100000008603629100,coordinator,7,False,0.981072,100000005048668100 → 100000008603629100 → 100000005830339100
6,repeated,3,100000005830339100,consolidator,4,False,0.781139,100000005048668100 → 100000008603629100 → 100000005830339100
7,repeated,1,100000005287097100,distributor,5,False,0.867304,100000005287097100 → 100000003016635100 → 100000000440392100
7,repeated,2,100000003016635100,distributor,5,True,0.825536,100000005287097100 → 100000003016635100 → 100000000440392100
7,repeated,3,100000000440392100,terminal,5,False,0.404818,100000005287097100 → 100000003016635100 → 100000000440392100
8,repeated,1,100000005287097100,distributor,5,False,0.867304,100000005287097100 → 100000003016635100 → 100000000667713100
8,repeated,2,100000003016635100,distributor,5,True,0.825536,100000005287097100 → 100000003016635100 → 100000000667713100
8,repeated,3,100000000667713100,peripheral,5,False,0.615012,100000005287097100 → 100000003016635100 → 100000000667713100
9,repeated,1,100000008571433100,peripheral,53,True,0.420578,100000008571433100 → 100000004135268100 → 100000004979498100
9,repeated,2,100000004135268100,transit,53,False,0.653167,100000008571433100 → 100000004135268100 → 100000004979498100
9,repeated,3,100000004979498100,peripheral,53,False,0.40903,100000008571433100 → 100000004135268100 → 100000004979498100
10,repeated,1,100000003835149100,peripheral,25,False,0.382932,100000003835149100 → 100000002224132100 → 100000000594783100
10,repeated,2,100000002224132100,peripheral,25,False,0.587779,100000003835149100 → 100000002224132100 → 100000000594783100
10,repeated,3,100000000594783100,peripheral,25,False,0.475054,100000003835149100 → 100000002224132100 → 100000000594783100
11,repeated,1,100000001857829100,coordinator,7,False,0.945212,100000001857829100 → 100000003880331100 → 100000008603629100
11,repeated,2,100000003880331100,distributor,7,False,0.661355,100000001857829100 → 100000003880331100 → 100000008603629100
11,repeated,3,100000008603629100,coordinator,7,False,0.981072,100000001857829100 → 100000003880331100 → 100000008603629100
12,repeated,1,100000003718221100,peripheral,24,False,0.624383,100000003718221100 → 100000002267998100 → 100000003701161100
12,repeated,2,100000002267998100,peripheral,24,False,0.620385,100000003718221100 → 100000002267998100 → 100000003701161100
12,repeated,3,100000003701161100,peripheral,24,False,0.6871,100000003718221100 → 100000002267998100 → 100000003701161100
13,repeated,1,100000001857829100,coordinator,7,False,0.945212,100000001857829100 → 100000003880331100 → 100000003684369100
13,repeated,2,100000003880331100,distributor,7,False,0.661355,100000001857829100 → 100000003880331100 → 100000003684369100
13,repeated,3,100000003684369100,distributor,4,True,0.844489,100000001857829100 → 100000003880331100 → 100000003684369100
14,repeated,1,100000000331309100,coordinator,6,False,0.973932,100000000331309100 → 100000004906181100 → 100000008175078100
14,repeated,2,100000004906181100,peripheral,37,False,0.572259,100000000331309100 → 100000004906181100 → 100000008175078100
14,repeated,3,100000008175078100,peripheral,37,False,0.280101,100000000331309100 → 100000004906181100 → 100000008175078100
15,repeated,1,100000005782781100,peripheral,11,False,0.674628,100000005782781100 → 100000007594394100 → 100000006274203100
15,repeated,2,100000007594394100,consolidator,18,False,0.901557,100000005782781100 → 100000007594394100 → 100000006274203100
15,repeated,3,100000006274203100,peripheral,18,False,0.652027,100000005782781100 → 100000007594394100 → 100000006274203100
16,repeated,1,100000008517538100,distributor,3,False,0.85496,100000008517538100 → 100000008710791100 → 100000008561016100
16,repeated,2,100000008710791100,distributor,3,False,0.910769,100000008517538100 → 100000008710791100 → 100000008561016100
16,repeated,3,100000008561016100,transit,3,False,0.589524,100000008517538100 → 100000008710791100 → 100000008561016100
17,repeated,1,100000006866783100,distributor,1,True,0.830206,100000006866783100 → 100000007055802100 → 100000004299488100
17,repeated,2,100000007055802100,consolidator,1,False,0.802891,100000006866783100 → 100000007055802100 → 100000004299488100
17,repeated,3,100000004299488100,consolidator,1,False,0.900693,100000006866783100 → 100000007055802100 → 100000004299488100
18,repeated,1,100000008710791100,distributor,3,False,0.910769,100000008710791100 → 100000008561016100 → 100000001724740100
18,repeated,2,100000008561016100,transit,3,False,0.589524,100000008710791100 → 100000008561016100 → 100000001724740100
18,repeated,3,100000001724740100,peripheral,3,False,0.205523,100000008710791100 → 100000008561016100 → 100000001724740100
19,repeated,1,100000003016635100,distributor,5,True,0.825536,100000003016635100 → 100000004707703100 → 100000002335358100
19,repeated,2,100000004707703100,transit,5,False,0.787536,100000003016635100 → 100000004707703100 → 100000002335358100
19,repeated,3,100000002335358100,terminal,5,False,0.349349,100000003016635100 → 100000004707703100 → 100000002335358100
20,repeated,1,100000008165763100,transit,4,False,0.926856,100000008165763100 → 100000007594394100 → 100000006274203100
20,repeated,2,100000007594394100,consolidator,18,False,0.901557,100000008165763100 → 100000007594394100 → 100000006274203100
20,repeated,3,100000006274203100,peripheral,18,False,0.652027,100000008165763100 → 100000007594394100 → 100000006274203100
21,repeated,1,100000004351795100,coordinator,1,False,0.884742,100000004351795100 → 100000000437046100 → 100000003834495100
21,repeated,2,100000000437046100,coordinator,1,False,0.977091,100000004351795100 → 100000000437046100 → 100000003834495100
21,repeated,3,100000003834495100,peripheral,1,False,0.546432,100000004351795100 → 100000000437046100 → 100000003834495100
22,repeated,1,100000003016635100,distributor,5,True,0.825536,100000003016635100 → 100000006518161100 → 100000005660203100
22,repeated,2,100000006518161100,transit,5,False,0.859849,100000003016635100 → 100000006518161100 → 100000005660203100
22,repeated,3,100000005660203100,peripheral,5,False,0.572634,100000003016635100 → 100000006518161100 → 100000005660203100
23,repeated,1,100000003242289100,coordinator,17,False,0.933085,100000003242289100 → 100000008304139100 → 100000003684369100
23,repeated,2,100000008304139100,distributor,4,False,0.875222,100000003242289100 → 100000008304139100 → 100000003684369100
23,repeated,3,100000003684369100,distributor,4,True,0.844489,100000003242289100 → 100000008304139100 → 100000003684369100
24,repeated,1,100000004390333100,distributor,1,False,0.795774,100000004390333100 → 100000000437046100 → 100000007055802100
24,repeated,2,100000000437046100,coordinator,1,False,0.977091,100000004390333100 → 100000000437046100 → 100000007055802100
24,repeated,3,100000007055802100,consolidator,1,False,0.802891,100000004390333100 → 100000000437046100 → 100000007055802100
25,repeated,1,100000008086440100,transit,1,False,0.698903,100000008086440100 → 100000000437046100 → 100000007055802100
25,repeated,2,100000000437046100,coordinator,1,False,0.977091,100000008086440100 → 100000000437046100 → 100000007055802100
25,repeated,3,100000007055802100,consolidator,1,False,0.802891,100000008086440100 → 100000000437046100 → 100000007055802100
26,repeated,1,100000005287097100,distributor,5,False,0.867304,100000005287097100 → 100000003016635100 → 100000004948177100
26,repeated,2,100000003016635100,distributor,5,True,0.825536,100000005287097100 → 100000003016635100 → 100000004948177100
26,repeated,3,100000004948177100,terminal,5,False,0.533793,100000005287097100 → 100000003016635100 → 100000004948177100
27,repeated,1,100000004390333100,distributor,1,False,0.795774,100000004390333100 → 100000006866783100 → 100000007055802100
27,repeated,2,100000006866783100,distributor,1,True,0.830206,100000004390333100 → 100000006866783100 → 100000007055802100
27,repeated,3,100000007055802100,consolidator,1,False,0.802891,100000004390333100 → 100000006866783100 → 100000007055802100
28,repeated,1,100000006866783100,distributor,1,True,0.830206,100000006866783100 → 100000004299488100 → 100000007055802100
28,repeated,2,100000004299488100,consolidator,1,False,0.900693,100000006866783100 → 100000004299488100 → 100000007055802100
28,repeated,3,100000007055802100,consolidator,1,False,0.802891,100000006866783100 → 100000004299488100 → 100000007055802100
29,repeated,1,100000005910114100,coordinator,1,False,0.943216,100000005910114100 → 100000007629096100 → 100000002741024100
29,repeated,2,100000007629096100,consolidator,1,False,0.785863,100000005910114100 → 100000007629096100 → 100000002741024100
29,repeated,3,100000002741024100,peripheral,1,False,0.685816,100000005910114100 → 100000007629096100 → 100000002741024100
30,repeated,1,100000001857829100,coordinator,7,False,0.945212,100000001857829100 → 100000008121806100 → 100000005360814100
30,repeated,2,100000008121806100,peripheral,7,False,0.478709,100000001857829100 → 100000008121806100 → 100000005360814100
30,repeated,3,100000005360814100,peripheral,7,False,0.201077,100000001857829100 → 100000008121806100 → 100000005360814100
31,repeated,1,100000005287097100,distributor,5,False,0.867304,100000005287097100 → 100000003016635100 → 100000006518161100
31,repeated,2,100000003016635100,distributor,5,True,0.825536,100000005287097100 → 100000003016635100 → 100000006518161100
31,repeated,3,100000006518161100,transit,5,False,0.859849,100000005287097100 → 100000003016635100 → 100000006518161100
32,repeated,1,100000004351795100,coordinator,1,False,0.884742,100000004351795100 → 100000000437046100 → 100000007055802100
32,repeated,2,100000000437046100,coordinator,1,False,0.977091,100000004351795100 → 100000000437046100 → 100000007055802100
32,repeated,3,100000007055802100,consolidator,1,False,0.802891,100000004351795100 → 100000000437046100 → 100000007055802100
33,repeated,1,100000001857829100,coordinator,7,False,0.945212,100000001857829100 → 100000008603629100 → 100000005830339100
33,repeated,2,100000008603629100,coordinator,7,False,0.981072,100000001857829100 → 100000008603629100 → 100000005830339100
33,repeated,3,100000005830339100,consolidator,4,False,0.781139,100000001857829100 → 100000008603629100 → 100000005830339100
34,repeated,1,100000008686313100,peripheral,1,False,0.702449,100000008686313100 → 100000008603629100 → 100000005830339100
34,repeated,2,100000008603629100,coordinator,7,False,0.981072,100000008686313100 → 100000008603629100 → 100000005830339100
34,repeated,3,100000005830339100,consolidator,4,False,0.781139,100000008686313100 → 100000008603629100 → 100000005830339100
35,repeated,1,100000004156082100,coordinator,16,False,0.953815,100000004156082100 → 100000005339662100 → 100000004820260100
35,repeated,2,100000005339662100,peripheral,16,False,0.669312,100000004156082100 → 100000005339662100 → 100000004820260100
35,repeated,3,100000004820260100,transit,16,False,0.712458,100000004156082100 → 100000005339662100 → 100000004820260100
36,repeated,1,100000005910114100,coordinator,1,False,0.943216,100000005910114100 → 100000006866783100 → 100000004071080100
36,repeated,2,100000006866783100,distributor,1,True,0.830206,100000005910114100 → 100000006866783100 → 100000004071080100
36,repeated,3,100000004071080100,consolidator,1,False,0.825979,100000005910114100 → 100000006866783100 → 100000004071080100
37,repeated,1,100000008637537100,peripheral,41,True,0.602789,100000008637537100 → 100000001732159100 → 100000008314203100
37,repeated,2,100000001732159100,peripheral,41,True,0.582587,100000008637537100 → 100000001732159100 → 100000008314203100
37,repeated,3,100000008314203100,peripheral,41,True,0.499081,100000008637537100 → 100000001732159100 → 100000008314203100
38,repeated,1,100000008086440100,transit,1,False,0.698903,100000008086440100 → 100000008603629100 → 100000005830339100
38,repeated,2,100000008603629100,coordinator,7,False,0.981072,100000008086440100 → 100000008603629100 → 100000005830339100
38,repeated,3,100000005830339100,consolidator,4,False,0.781139,100000008086440100 → 100000008603629100 → 100000005830339100
39,repeated,1,100000000437046100,coordinator,1,False,0.977091,100000000437046100 → 100000008757369100 → 100000008757301100
39,repeated,2,100000008757369100,peripheral,1,False,0.401123,100000000437046100 → 100000008757369100 → 100000008757301100
39,repeated,3,100000008757301100,peripheral,1,False,0.183555,100000000437046100 → 100000008757369100 → 100000008757301100
40,repeated,1,100000008636603100,peripheral,5,False,0.581642,100000008636603100 → 100000003016635100 → 100000000440392100
40,repeated,2,100000003016635100,distributor,5,True,0.825536,100000008636603100 → 100000003016635100 → 100000000440392100
40,repeated,3,100000000440392100,terminal,5,False,0.404818,100000008636603100 → 100000003016635100 → 100000000440392100
41,repeated,1,100000005287097100,distributor,5,False,0.867304,100000005287097100 → 100000003016635100 → 100000008188026100
41,repeated,2,100000003016635100,distributor,5,True,0.825536,100000005287097100 → 100000003016635100 → 100000008188026100
41,repeated,3,100000008188026100,peripheral,16,False,0.563117,100000005287097100 → 100000003016635100 → 100000008188026100
42,repeated,1,100000008603629100,coordinator,7,False,0.981072,100000008603629100 → 100000004847758100 → 100000003684369100
42,repeated,2,100000004847758100,distributor,4,False,0.841915,100000008603629100 → 100000004847758100 → 100000003684369100
42,repeated,3,100000003684369100,distributor,4,True,0.844489,100000008603629100 → 100000004847758100 → 100000003684369100
43,repeated,1,100000001732159100,peripheral,41,True,0.582587,100000001732159100 → 100000008314203100 → 100000008637537100
43,repeated,2,100000008314203100,peripheral,41,True,0.499081,100000001732159100 → 100000008314203100 → 100000008637537100
43,repeated,3,100000008637537100,peripheral,41,True,0.602789,100000001732159100 → 100000008314203100 → 100000008637537100
44,repeated,1,100000004400305100,distributor,1,False,0.886588,100000004400305100 → 100000004070318100 → 100000003747133100
44,repeated,2,100000004070318100,distributor,1,False,0.879738,100000004400305100 → 100000004070318100 → 100000003747133100
44,repeated,3,100000003747133100,consolidator,48,False,0.854615,100000004400305100 → 100000004070318100 → 100000003747133100
45,repeated,1,100000005287097100,distributor,5,False,0.867304,100000005287097100 → 100000003016635100 → 100000004394765100
45,repeated,2,100000003016635100,distributor,5,True,0.825536,100000005287097100 → 100000003016635100 → 100000004394765100
45,repeated,3,100000004394765100,peripheral,5,False,0.655161,100000005287097100 → 100000003016635100 → 100000004394765100
46,repeated,1,100000008304139100,distributor,4,False,0.875222,100000008304139100 → 100000006866783100 → 100000000961900100
46,repeated,2,100000006866783100,distributor,1,True,0.830206,100000008304139100 → 100000006866783100 → 100000000961900100
46,repeated,3,100000000961900100,terminal,1,False,0.374456,100000008304139100 → 100000006866783100 → 100000000961900100
47,repeated,1,100000001660397100,transit,1,False,0.667155,100000001660397100 → 100000006866783100 → 100000008686313100
47,repeated,2,100000006866783100,distributor,1,True,0.830206,100000001660397100 → 100000006866783100 → 100000008686313100
47,repeated,3,100000008686313100,peripheral,1,False,0.702449,100000001660397100 → 100000006866783100 → 100000008686313100
48,repeated,1,100000008304139100,distributor,4,False,0.875222,100000008304139100 → 100000006866783100 → 100000008686313100
48,repeated,2,100000006866783100,distributor,1,True,0.830206,100000008304139100 → 100000006866783100 → 100000008686313100
48,repeated,3,100000008686313100,peripheral,1,False,0.702449,100000008304139100 → 100000006866783100 → 100000008686313100
49,repeated,1,100000004400305100,distributor,1,False,0.886588,100000004400305100 → 100000007593823100 → 100000008730846100
49,repeated,2,100000007593823100,coordinator,1,False,0.813527,100000004400305100 → 100000007593823100 → 100000008730846100
49,repeated,3,100000008730846100,consolidator,12,False,0.908719,100000004400305100 → 100000007593823100 → 100000008730846100
50,repeated,1,100000004269433100,peripheral,16,True,0.160169,100000004269433100 → 100000008418835100 → 100000008730021100
50,repeated,2,100000008418835100,peripheral,16,True,0.423288,100000004269433100 → 100000008418835100 → 100000008730021100
50,repeated,3,100000008730021100,terminal,16,False,0.391584,100000004269433100 → 100000008418835100 → 100000008730021100
51,repeated,1,100000005268319100,peripheral,1,False,0.419248,100000005268319100 → 100000002957787100 → 100000004071080100
51,repeated,2,100000002957787100,coordinator,1,False,0.900323,100000005268319100 → 100000002957787100 → 100000004071080100
51,repeated,3,100000004071080100,consolidator,1,False,0.825979,100000005268319100 → 100000002957787100 → 100000004071080100
52,repeated,1,100000001609499100,peripheral,1,False,0.543753,100000001609499100 → 100000002398779100 → 100000008576243100
52,repeated,2,100000002398779100,consolidator,1,False,0.912189,100000001609499100 → 100000002398779100 → 100000008576243100
52,repeated,3,100000008576243100,terminal,1,False,0.500027,100000001609499100 → 100000002398779100 → 100000008576243100
53,repeated,1,100000004351795100,coordinator,1,False,0.884742,100000004351795100 → 100000002398779100 → 100000008576243100
53,repeated,2,100000002398779100,consolidator,1,False,0.912189,100000004351795100 → 100000002398779100 → 100000008576243100
53,repeated,3,100000008576243100,terminal,1,False,0.500027,100000004351795100 → 100000002398779100 → 100000008576243100
54,repeated,1,100000004017410100,peripheral,35,False,0.543213,100000004017410100 → 100000003934614100 → 100000004336312100
54,repeated,2,100000003934614100,peripheral,35,False,0.364691,100000004017410100 → 100000003934614100 → 100000004336312100
54,repeated,3,100000004336312100,transit,35,False,0.665358,100000004017410100 → 100000003934614100 → 100000004336312100
55,chain,1,100000008517538100,distributor,3,False,0.85496,100000008517538100 → 100000008710791100 → 100000008561016100 → 100000001724740100
55,chain,2,100000008710791100,distributor,3,False,0.910769,100000008517538100 → 100000008710791100 → 100000008561016100 → 100000001724740100
55,chain,3,100000008561016100,transit,3,False,0.589524,100000008517538100 → 100000008710791100 → 100000008561016100 → 100000001724740100
55,chain,4,100000001724740100,peripheral,3,False,0.205523,100000008517538100 → 100000008710791100 → 100000008561016100 → 100000001724740100
56,chain,1,100000008304139100,distributor,4,False,0.875222,100000008304139100 → 100000000437046100 → 100000008757369100 → 100000008757301100
56,chain,2,100000000437046100,coordinator,1,False,0.977091,100000008304139100 → 100000000437046100 → 100000008757369100 → 100000008757301100
56,chain,3,100000008757369100,peripheral,1,False,0.401123,100000008304139100 → 100000000437046100 → 100000008757369100 → 100000008757301100
56,chain,4,100000008757301100,peripheral,1,False,0.183555,100000008304139100 → 100000000437046100 → 100000008757369100 → 100000008757301100
57,chain,1,100000005048668100,distributor,7,False,0.76577,100000005048668100 → 100000008603629100 → 100000004847758100 → 100000003684369100
57,chain,2,100000008603629100,coordinator,7,False,0.981072,100000005048668100 → 100000008603629100 → 100000004847758100 → 100000003684369100
57,chain,3,100000004847758100,distributor,4,False,0.841915,100000005048668100 → 100000008603629100 → 100000004847758100 → 100000003684369100
57,chain,4,100000003684369100,distributor,4,True,0.844489,100000005048668100 → 100000008603629100 → 100000004847758100 → 100000003684369100
58,chain,1,100000008086440100,transit,1,False,0.698903,100000008086440100 → 100000008603629100 → 100000004847758100 → 100000003684369100
58,chain,2,100000008603629100,coordinator,7,False,0.981072,100000008086440100 → 100000008603629100 → 100000004847758100 → 100000003684369100
58,chain,3,100000004847758100,distributor,4,False,0.841915,100000008086440100 → 100000008603629100 → 100000004847758100 → 100000003684369100
58,chain,4,100000003684369100,distributor,4,True,0.844489,100000008086440100 → 100000008603629100 → 100000004847758100 → 100000003684369100
59,chain,1,100000000437046100,coordinator,1,False,0.977091,100000000437046100 → 100000001279272100 → 100000000331309100 → 100000006530134100
59,chain,2,100000001279272100,peripheral,1,False,0.507409,100000000437046100 → 100000001279272100 → 100000000331309100 → 100000006530134100
59,chain,3,100000000331309100,coordinator,6,False,0.973932,100000000437046100 → 100000001279272100 → 100000000331309100 → 100000006530134100
59,chain,4,100000006530134100,terminal,6,False,0.519538,100000000437046100 → 100000001279272100 → 100000000331309100 → 100000006530134100
60,chain,1,100000000437046100,coordinator,1,False,0.977091,100000000437046100 → 100000001279272100 → 100000000331309100 → 100000003242795100
60,chain,2,100000001279272100,peripheral,1,False,0.507409,100000000437046100 → 100000001279272100 → 100000000331309100 → 100000003242795100
60,chain,3,100000000331309100,coordinator,6,False,0.973932,100000000437046100 → 100000001279272100 → 100000000331309100 → 100000003242795100
60,chain,4,100000003242795100,terminal,6,False,0.436164,100000000437046100 → 100000001279272100 → 100000000331309100 → 100000003242795100
61,chain,1,100000002723538100,distributor,7,False,0.839435,100000002723538100 → 100000008603629100 → 100000005357705100 → 100000008337304100
61,chain,2,100000008603629100,coordinator,7,False,0.981072,100000002723538100 → 100000008603629100 → 100000005357705100 → 100000008337304100
61,chain,3,100000005357705100,peripheral,7,False,0.463362,100000002723538100 → 100000008603629100 → 100000005357705100 → 100000008337304100
61,chain,4,100000008337304100,peripheral,7,False,0.195873,100000002723538100 → 100000008603629100 → 100000005357705100 → 100000008337304100
62,chain,1,100000000437046100,coordinator,1,False,0.977091,100000000437046100 → 100000001279272100 → 100000000331309100 → 100000001530983100
62,chain,2,100000001279272100,peripheral,1,False,0.507409,100000000437046100 → 100000001279272100 → 100000000331309100 → 100000001530983100
62,chain,3,100000000331309100,coordinator,6,False,0.973932,100000000437046100 → 100000001279272100 → 100000000331309100 → 100000001530983100
62,chain,4,100000001530983100,distributor,5,False,0.955138,100000000437046100 → 100000001279272100 → 100000000331309100 → 100000001530983100
63,chain,1,100000000437046100,coordinator,1,False,0.977091,100000000437046100 → 100000001279272100 → 100000000331309100 → 100000004889043100
63,chain,2,100000001279272100,peripheral,1,False,0.507409,100000000437046100 → 100000001279272100 → 100000000331309100 → 100000004889043100
63,chain,3,100000000331309100,coordinator,6,False,0.973932,100000000437046100 → 100000001279272100 → 100000000331309100 → 100000004889043100
63,chain,4,100000004889043100,terminal,1,False,0.539124,100000000437046100 → 100000001279272100 → 100000000331309100 → 100000004889043100
64,chain,1,100000000437046100,coordinator,1,False,0.977091,100000000437046100 → 100000001279272100 → 100000000331309100 → 100000006734214100
64,chain,2,100000001279272100,peripheral,1,False,0.507409,100000000437046100 → 100000001279272100 → 100000000331309100 → 100000006734214100
64,chain,3,100000000331309100,coordinator,6,False,0.973932,100000000437046100 → 100000001279272100 → 100000000331309100 → 100000006734214100
64,chain,4,100000006734214100,peripheral,6,False,0.659813,100000000437046100 → 100000001279272100 → 100000000331309100 → 100000006734214100
65,chain,1,100000001857829100,coordinator,7,False,0.945212,100000001857829100 → 100000003880331100 → 100000003684369100 → 100000000810551100
65,chain,2,100000003880331100,distributor,7,False,0.661355,100000001857829100 → 100000003880331100 → 100000003684369100 → 100000000810551100
65,chain,3,100000003684369100,distributor,4,True,0.844489,100000001857829100 → 100000003880331100 → 100000003684369100 → 100000000810551100
65,chain,4,100000000810551100,peripheral,4,False,0.522531,100000001857829100 → 100000003880331100 → 100000003684369100 → 100000000810551100
66,chain,1,100000001857829100,coordinator,7,False,0.945212,100000001857829100 → 100000003880331100 → 100000008603629100 → 100000008739887100
66,chain,2,100000003880331100,distributor,7,False,0.661355,100000001857829100 → 100000003880331100 → 100000008603629100 → 100000008739887100
66,chain,3,100000008603629100,coordinator,7,False,0.981072,100000001857829100 → 100000003880331100 → 100000008603629100 → 100000008739887100
66,chain,4,100000008739887100,peripheral,7,False,0.589004,100000001857829100 → 100000003880331100 → 100000008603629100 → 100000008739887100
67,chain,1,100000008346837100,coordinator,14,False,0.961321,100000008346837100 → 100000005910114100 → 100000006866783100 → 100000003102157100
67,chain,2,100000005910114100,coordinator,1,False,0.943216,100000008346837100 → 100000005910114100 → 100000006866783100 → 100000003102157100
67,chain,3,100000006866783100,distributor,1,True,0.830206,100000008346837100 → 100000005910114100 → 100000006866783100 → 100000003102157100
67,chain,4,100000003102157100,terminal,1,False,0.336833,100000008346837100 → 100000005910114100 → 100000006866783100 → 100000003102157100
68,chain,1,100000001857829100,coordinator,7,False,0.945212,100000001857829100 → 100000003880331100 → 100000008603629100 → 100000003215448100
68,chain,2,100000003880331100,distributor,7,False,0.661355,100000001857829100 → 100000003880331100 → 100000008603629100 → 100000003215448100
68,chain,3,100000008603629100,coordinator,7,False,0.981072,100000001857829100 → 100000003880331100 → 100000008603629100 → 100000003215448100
68,chain,4,100000003215448100,peripheral,7,False,0.466106,100000001857829100 → 100000003880331100 → 100000008603629100 → 100000003215448100
69,chain,1,100000006866783100,distributor,1,True,0.830206,100000006866783100 → 100000007055802100 → 100000004299488100 → 100000004674799100
69,chain,2,100000007055802100,consolidator,1,False,0.802891,100000006866783100 → 100000007055802100 → 100000004299488100 → 100000004674799100
69,chain,3,100000004299488100,consolidator,1,False,0.900693,100000006866783100 → 100000007055802100 → 100000004299488100 → 100000004674799100
69,chain,4,100000004674799100,terminal,1,False,0.442289,100000006866783100 → 100000007055802100 → 100000004299488100 → 100000004674799100
70,chain,1,100000000437046100,coordinator,1,False,0.977091,100000000437046100 → 100000001279272100 → 100000000331309100 → 100000002983879100
70,chain,2,100000001279272100,peripheral,1,False,0.507409,100000000437046100 → 100000001279272100 → 100000000331309100 → 100000002983879100
70,chain,3,100000000331309100,coordinator,6,False,0.973932,100000000437046100 → 100000001279272100 → 100000000331309100 → 100000002983879100
70,chain,4,100000002983879100,terminal,4,False,0.549333,100000000437046100 → 100000001279272100 → 100000000331309100 → 100000002983879100
71,chain,1,100000001857829100,coordinator,7,False,0.945212,100000001857829100 → 100000003880331100 → 100000008603629100 → 100000004217419100
71,chain,2,100000003880331100,distributor,7,False,0.661355,100000001857829100 → 100000003880331100 → 100000008603629100 → 100000004217419100
71,chain,3,100000008603629100,coordinator,7,False,0.981072,100000001857829100 → 100000003880331100 → 100000008603629100 → 100000004217419100
71,chain,4,100000004217419100,peripheral,7,False,0.564513,100000001857829100 → 100000003880331100 → 100000008603629100 → 100000004217419100
72,chain,1,100000003796063100,distributor,6,False,0.610376,100000003796063100 → 100000000331309100 → 100000004299488100 → 100000007055802100
72,chain,2,100000000331309100,coordinator,6,False,0.973932,100000003796063100 → 100000000331309100 → 100000004299488100 → 100000007055802100
72,chain,3,100000004299488100,consolidator,1,False,0.900693,100000003796063100 → 100000000331309100 → 100000004299488100 → 100000007055802100
72,chain,4,100000007055802100,consolidator,1,False,0.802891,100000003796063100 → 100000000331309100 → 100000004299488100 → 100000007055802100
73,chain,1,100000000437046100,coordinator,1,False,0.977091,100000000437046100 → 100000001279272100 → 100000000331309100 → 100000003035737100
73,chain,2,100000001279272100,peripheral,1,False,0.507409,100000000437046100 → 100000001279272100 → 100000000331309100 → 100000003035737100
73,chain,3,100000000331309100,coordinator,6,False,0.973932,100000000437046100 → 100000001279272100 → 100000000331309100 → 100000003035737100
73,chain,4,100000003035737100,peripheral,6,False,0.619339,100000000437046100 → 100000001279272100 → 100000000331309100 → 100000003035737100
74,chain,1,100000000437046100,coordinator,1,False,0.977091,100000000437046100 → 100000001279272100 → 100000000331309100 → 100000001835625100
74,chain,2,100000001279272100,peripheral,1,False,0.507409,100000000437046100 → 100000001279272100 → 100000000331309100 → 100000001835625100
74,chain,3,100000000331309100,coordinator,6,False,0.973932,100000000437046100 → 100000001279272100 → 100000000331309100 → 100000001835625100
74,chain,4,100000001835625100,terminal,6,False,0.421153,100000000437046100 → 100000001279272100 → 100000000331309100 → 100000001835625100
75,chain,1,100000004351795100,coordinator,1,False,0.884742,100000004351795100 → 100000000437046100 → 100000006165886100 → 100000003834495100
75,chain,2,100000000437046100,coordinator,1,False,0.977091,100000004351795100 → 100000000437046100 → 100000006165886100 → 100000003834495100
75,chain,3,100000006165886100,peripheral,1,False,0.504348,100000004351795100 → 100000000437046100 → 100000006165886100 → 100000003834495100
75,chain,4,100000003834495100,peripheral,1,False,0.546432,100000004351795100 → 100000000437046100 → 100000006165886100 → 100000003834495100
76,chain,1,100000001857829100,coordinator,7,False,0.945212,100000001857829100 → 100000003880331100 → 100000008603629100 → 100000002723538100
76,chain,2,100000003880331100,distributor,7,False,0.661355,100000001857829100 → 100000003880331100 → 100000008603629100 → 100000002723538100
76,chain,3,100000008603629100,coordinator,7,False,0.981072,100000001857829100 → 100000003880331100 → 100000008603629100 → 100000002723538100
76,chain,4,100000002723538100,distributor,7,False,0.839435,100000001857829100 → 100000003880331100 → 100000008603629100 → 100000002723538100
77,chain,1,100000000331309100,coordinator,6,False,0.973932,100000000331309100 → 100000004077081100 → 100000003684369100 → 100000005079754100
77,chain,2,100000004077081100,peripheral,4,False,0.559848,100000000331309100 → 100000004077081100 → 100000003684369100 → 100000005079754100
77,chain,3,100000003684369100,distributor,4,True,0.844489,100000000331309100 → 100000004077081100 → 100000003684369100 → 100000005079754100
77,chain,4,100000005079754100,peripheral,4,False,0.561891,100000000331309100 → 100000004077081100 → 100000003684369100 → 100000005079754100
78,chain,1,100000001857829100,coordinator,7,False,0.945212,100000001857829100 → 100000003880331100 → 100000003684369100 → 100000005079754100
78,chain,2,100000003880331100,distributor,7,False,0.661355,100000001857829100 → 100000003880331100 → 100000003684369100 → 100000005079754100
78,chain,3,100000003684369100,distributor,4,True,0.844489,100000001857829100 → 100000003880331100 → 100000003684369100 → 100000005079754100
78,chain,4,100000005079754100,peripheral,4,False,0.561891,100000001857829100 → 100000003880331100 → 100000003684369100 → 100000005079754100
79,chain,1,100000003242289100,coordinator,17,False,0.933085,100000003242289100 → 100000008304139100 → 100000003684369100 → 100000005079754100
79,chain,2,100000008304139100,distributor,4,False,0.875222,100000003242289100 → 100000008304139100 → 100000003684369100 → 100000005079754100
79,chain,3,100000003684369100,distributor,4,True,0.844489,100000003242289100 → 100000008304139100 → 100000003684369100 → 100000005079754100
79,chain,4,100000005079754100,peripheral,4,False,0.561891,100000003242289100 → 100000008304139100 → 100000003684369100 → 100000005079754100
80,chain,1,100000008748914100,distributor,4,False,0.654437,100000008748914100 → 100000000331309100 → 100000004077081100 → 100000003684369100
80,chain,2,100000000331309100,coordinator,6,False,0.973932,100000008748914100 → 100000000331309100 → 100000004077081100 → 100000003684369100
80,chain,3,100000004077081100,peripheral,4,False,0.559848,100000008748914100 → 100000000331309100 → 100000004077081100 → 100000003684369100
80,chain,4,100000003684369100,distributor,4,True,0.844489,100000008748914100 → 100000000331309100 → 100000004077081100 → 100000003684369100
81,chain,1,100000000331309100,coordinator,6,False,0.973932,100000000331309100 → 100000007055802100 → 100000004299488100 → 100000004674799100
81,chain,2,100000007055802100,consolidator,1,False,0.802891,100000000331309100 → 100000007055802100 → 100000004299488100 → 100000004674799100
81,chain,3,100000004299488100,consolidator,1,False,0.900693,100000000331309100 → 100000007055802100 → 100000004299488100 → 100000004674799100
81,chain,4,100000004674799100,terminal,1,False,0.442289,100000000331309100 → 100000007055802100 → 100000004299488100 → 100000004674799100
82,chain,1,100000008632060100,distributor,1,False,0.478915,100000008632060100 → 100000004400305100 → 100000002645993100 → 100000002398779100
82,chain,2,100000004400305100,distributor,1,False,0.886588,100000008632060100 → 100000004400305100 → 100000002645993100 → 100000002398779100
82,chain,3,100000002645993100,peripheral,1,False,0.575386,100000008632060100 → 100000004400305100 → 100000002645993100 → 100000002398779100
82,chain,4,100000002398779100,consolidator,1,False,0.912189,100000008632060100 → 100000004400305100 → 100000002645993100 → 100000002398779100
83,chain,1,100000000331309100,coordinator,6,False,0.973932,100000000331309100 → 100000004077081100 → 100000003684369100 → 100000001554432100
83,chain,2,100000004077081100,peripheral,4,False,0.559848,100000000331309100 → 100000004077081100 → 100000003684369100 → 100000001554432100
83,chain,3,100000003684369100,distributor,4,True,0.844489,100000000331309100 → 100000004077081100 → 100000003684369100 → 100000001554432100
83,chain,4,100000001554432100,terminal,4,False,0.428639,100000000331309100 → 100000004077081100 → 100000003684369100 → 100000001554432100
84,chain,1,100000001857829100,coordinator,7,False,0.945212,100000001857829100 → 100000003880331100 → 100000003684369100 → 100000001554432100
84,chain,2,100000003880331100,distributor,7,False,0.661355,100000001857829100 → 100000003880331100 → 100000003684369100 → 100000001554432100
84,chain,3,100000003684369100,distributor,4,True,0.844489,100000001857829100 → 100000003880331100 → 100000003684369100 → 100000001554432100
84,chain,4,100000001554432100,terminal,4,False,0.428639,100000001857829100 → 100000003880331100 → 100000003684369100 → 100000001554432100
85,chain,1,100000003242289100,coordinator,17,False,0.933085,100000003242289100 → 100000008304139100 → 100000003684369100 → 100000001554432100
85,chain,2,100000008304139100,distributor,4,False,0.875222,100000003242289100 → 100000008304139100 → 100000003684369100 → 100000001554432100
85,chain,3,100000003684369100,distributor,4,True,0.844489,100000003242289100 → 100000008304139100 → 100000003684369100 → 100000001554432100
85,chain,4,100000001554432100,terminal,4,False,0.428639,100000003242289100 → 100000008304139100 → 100000003684369100 → 100000001554432100
86,chain,1,100000000331309100,coordinator,6,False,0.973932,100000000331309100 → 100000004077081100 → 100000003684369100 → 100000003037660100
86,chain,2,100000004077081100,peripheral,4,False,0.559848,100000000331309100 → 100000004077081100 → 100000003684369100 → 100000003037660100
86,chain,3,100000003684369100,distributor,4,True,0.844489,100000000331309100 → 100000004077081100 → 100000003684369100 → 100000003037660100
86,chain,4,100000003037660100,terminal,4,False,0.42777,100000000331309100 → 100000004077081100 → 100000003684369100 → 100000003037660100
87,chain,1,100000001857829100,coordinator,7,False,0.945212,100000001857829100 → 100000003880331100 → 100000003684369100 → 100000003037660100
87,chain,2,100000003880331100,distributor,7,False,0.661355,100000001857829100 → 100000003880331100 → 100000003684369100 → 100000003037660100
87,chain,3,100000003684369100,distributor,4,True,0.844489,100000001857829100 → 100000003880331100 → 100000003684369100 → 100000003037660100
87,chain,4,100000003037660100,terminal,4,False,0.42777,100000001857829100 → 100000003880331100 → 100000003684369100 → 100000003037660100
88,chain,1,100000003242289100,coordinator,17,False,0.933085,100000003242289100 → 100000008304139100 → 100000003684369100 → 100000003037660100
88,chain,2,100000008304139100,distributor,4,False,0.875222,100000003242289100 → 100000008304139100 → 100000003684369100 → 100000003037660100
88,chain,3,100000003684369100,distributor,4,True,0.844489,100000003242289100 → 100000008304139100 → 100000003684369100 → 100000003037660100
88,chain,4,100000003037660100,terminal,4,False,0.42777,100000003242289100 → 100000008304139100 → 100000003684369100 → 100000003037660100
89,chain,1,100000008346837100,coordinator,14,False,0.961321,100000008346837100 → 100000005910114100 → 100000001857829100 → 100000003899325100
89,chain,2,100000005910114100,coordinator,1,False,0.943216,100000008346837100 → 100000005910114100 → 100000001857829100 → 100000003899325100
89,chain,3,100000001857829100,coordinator,7,False,0.945212,100000008346837100 → 100000005910114100 → 100000001857829100 → 100000003899325100
89,chain,4,100000003899325100,terminal,7,False,0.314222,100000008346837100 → 100000005910114100 → 100000001857829100 → 100000003899325100
90,chain,1,100000000331309100,coordinator,6,False,0.973932,100000000331309100 → 100000004077081100 → 100000003684369100 → 100000001194266100
90,chain,2,100000004077081100,peripheral,4,False,0.559848,100000000331309100 → 100000004077081100 → 100000003684369100 → 100000001194266100
90,chain,3,100000003684369100,distributor,4,True,0.844489,100000000331309100 → 100000004077081100 → 100000003684369100 → 100000001194266100
90,chain,4,100000001194266100,terminal,4,False,0.424026,100000000331309100 → 100000004077081100 → 100000003684369100 → 100000001194266100
91,chain,1,100000000331309100,coordinator,6,False,0.973932,100000000331309100 → 100000004077081100 → 100000003684369100 → 100000006446271100
91,chain,2,100000004077081100,peripheral,4,False,0.559848,100000000331309100 → 100000004077081100 → 100000003684369100 → 100000006446271100
91,chain,3,100000003684369100,distributor,4,True,0.844489,100000000331309100 → 100000004077081100 → 100000003684369100 → 100000006446271100
91,chain,4,100000006446271100,terminal,4,False,0.517118,100000000331309100 → 100000004077081100 → 100000003684369100 → 100000006446271100
92,chain,1,100000000331309100,coordinator,6,False,0.973932,100000000331309100 → 100000004077081100 → 100000003684369100 → 100000008628231100
92,chain,2,100000004077081100,peripheral,4,False,0.559848,100000000331309100 → 100000004077081100 → 100000003684369100 → 100000008628231100
92,chain,3,100000003684369100,distributor,4,True,0.844489,100000000331309100 → 100000004077081100 → 100000003684369100 → 100000008628231100
92,chain,4,100000008628231100,peripheral,67,False,0.544776,100000000331309100 → 100000004077081100 → 100000003684369100 → 100000008628231100
93,chain,1,100000001857829100,coordinator,7,False,0.945212,100000001857829100 → 100000003880331100 → 100000003684369100 → 100000001194266100
93,chain,2,100000003880331100,distributor,7,False,0.661355,100000001857829100 → 100000003880331100 → 100000003684369100 → 100000001194266100
93,chain,3,100000003684369100,distributor,4,True,0.844489,100000001857829100 → 100000003880331100 → 100000003684369100 → 100000001194266100
93,chain,4,100000001194266100,terminal,4,False,0.424026,100000001857829100 → 100000003880331100 → 100000003684369100 → 100000001194266100
94,chain,1,100000001857829100,coordinator,7,False,0.945212,100000001857829100 → 100000003880331100 → 100000003684369100 → 100000006446271100
94,chain,2,100000003880331100,distributor,7,False,0.661355,100000001857829100 → 100000003880331100 → 100000003684369100 → 100000006446271100
94,chain,3,100000003684369100,distributor,4,True,0.844489,100000001857829100 → 100000003880331100 → 100000003684369100 → 100000006446271100
94,chain,4,100000006446271100,terminal,4,False,0.517118,100000001857829100 → 100000003880331100 → 100000003684369100 → 100000006446271100
95,chain,1,100000001857829100,coordinator,7,False,0.945212,100000001857829100 → 100000003880331100 → 100000003684369100 → 100000008628231100
95,chain,2,100000003880331100,distributor,7,False,0.661355,100000001857829100 → 100000003880331100 → 100000003684369100 → 100000008628231100
95,chain,3,100000003684369100,distributor,4,True,0.844489,100000001857829100 → 100000003880331100 → 100000003684369100 → 100000008628231100
95,chain,4,100000008628231100,peripheral,67,False,0.544776,100000001857829100 → 100000003880331100 → 100000003684369100 → 100000008628231100
96,chain,1,100000001857829100,coordinator,7,False,0.945212,100000001857829100 → 100000003880331100 → 100000008731444100 → 100000000288317100
96,chain,2,100000003880331100,distributor,7,False,0.661355,100000001857829100 → 100000003880331100 → 100000008731444100 → 100000000288317100
96,chain,3,100000008731444100,distributor,1,False,0.917438,100000001857829100 → 100000003880331100 → 100000008731444100 → 100000000288317100
96,chain,4,100000000288317100,peripheral,1,False,0.526768,100000001857829100 → 100000003880331100 → 100000008731444100 → 100000000288317100
97,chain,1,100000003242289100,coordinator,17,False,0.933085,100000003242289100 → 100000008304139100 → 100000003684369100 → 100000001194266100
97,chain,2,100000008304139100,distributor,4,False,0.875222,100000003242289100 → 100000008304139100 → 100000003684369100 → 100000001194266100
97,chain,3,100000003684369100,distributor,4,True,0.844489,100000003242289100 → 100000008304139100 → 100000003684369100 → 100000001194266100
97,chain,4,100000001194266100,terminal,4,False,0.424026,100000003242289100 → 100000008304139100 → 100000003684369100 → 100000001194266100
98,chain,1,100000003242289100,coordinator,17,False,0.933085,100000003242289100 → 100000008304139100 → 100000003684369100 → 100000006446271100
98,chain,2,100000008304139100,distributor,4,False,0.875222,100000003242289100 → 100000008304139100 → 100000003684369100 → 100000006446271100
98,chain,3,100000003684369100,distributor,4,True,0.844489,100000003242289100 → 100000008304139100 → 100000003684369100 → 100000006446271100
98,chain,4,100000006446271100,terminal,4,False,0.517118,100000003242289100 → 100000008304139100 → 100000003684369100 → 100000006446271100
99,chain,1,100000003242289100,coordinator,17,False,0.933085,100000003242289100 → 100000008304139100 → 100000003684369100 → 100000008628231100
99,chain,2,100000008304139100,distributor,4,False,0.875222,100000003242289100 → 100000008304139100 → 100000003684369100 → 100000008628231100
99,chain,3,100000003684369100,distributor,4,True,0.844489,100000003242289100 → 100000008304139100 → 100000003684369100 → 100000008628231100
99,chain,4,100000008628231100,peripheral,67,False,0.544776,100000003242289100 → 100000008304139100 → 100000003684369100 → 100000008628231100
100,chain,1,100000003880331100,distributor,7,False,0.661355,100000003880331100 → 100000008603629100 → 100000002723538100 → 100000003071930100
100,chain,2,100000008603629100,coordinator,7,False,0.981072,100000003880331100 → 100000008603629100 → 100000002723538100 → 100000003071930100
100,chain,3,100000002723538100,distributor,7,False,0.839435,100000003880331100 → 100000008603629100 → 100000002723538100 → 100000003071930100
100,chain,4,100000003071930100,peripheral,3,False,0.653081,100000003880331100 → 100000008603629100 → 100000002723538100 → 100000003071930100
101,chain,1,100000004358004100,distributor,4,True,0.240726,100000004358004100 → 100000005612411100 → 100000001102676100 → 100000003684369100
101,chain,2,100000005612411100,distributor,4,False,0.875556,100000004358004100 → 100000005612411100 → 100000001102676100 → 100000003684369100
101,chain,3,100000001102676100,transit,4,False,0.527022,100000004358004100 → 100000005612411100 → 100000001102676100 → 100000003684369100
101,chain,4,100000003684369100,distributor,4,True,0.844489,100000004358004100 → 100000005612411100 → 100000001102676100 → 100000003684369100
102,chain,1,100000004400305100,distributor,1,False,0.886588,100000004400305100 → 100000005910114100 → 100000008603629100 → 100000000795374100
102,chain,2,100000005910114100,coordinator,1,False,0.943216,100000004400305100 → 100000005910114100 → 100000008603629100 → 100000000795374100
102,chain,3,100000008603629100,coordinator,7,False,0.981072,100000004400305100 → 100000005910114100 → 100000008603629100 → 100000000795374100
102,chain,4,100000000795374100,terminal,7,False,0.312785,100000004400305100 → 100000005910114100 → 100000008603629100 → 100000000795374100
103,chain,1,100000008346837100,coordinator,14,False,0.961321,100000008346837100 → 100000005910114100 → 100000008603629100 → 100000000795374100
103,chain,2,100000005910114100,coordinator,1,False,0.943216,100000008346837100 → 100000005910114100 → 100000008603629100 → 100000000795374100
103,chain,3,100000008603629100,coordinator,7,False,0.981072,100000008346837100 → 100000005910114100 → 100000008603629100 → 100000000795374100
103,chain,4,100000000795374100,terminal,7,False,0.312785,100000008346837100 → 100000005910114100 → 100000008603629100 → 100000000795374100
104,chain,1,100000004351795100,coordinator,1,False,0.884742,100000004351795100 → 100000000437046100 → 100000005610717100 → 100000008469048100
104,chain,2,100000000437046100,coordinator,1,False,0.977091,100000004351795100 → 100000000437046100 → 100000005610717100 → 100000008469048100
104,chain,3,100000005610717100,consolidator,1,False,0.864309,100000004351795100 → 100000000437046100 → 100000005610717100 → 100000008469048100
104,chain,4,100000008469048100,peripheral,1,False,0.265225,100000004351795100 → 100000000437046100 → 100000005610717100 → 100000008469048100
105,chain,1,100000004400305100,distributor,1,False,0.886588,100000004400305100 → 100000005910114100 → 100000007629096100 → 100000002741024100
105,chain,2,100000005910114100,coordinator,1,False,0.943216,100000004400305100 → 100000005910114100 → 100000007629096100 → 100000002741024100
105,chain,3,100000007629096100,consolidator,1,False,0.785863,100000004400305100 → 100000005910114100 → 100000007629096100 → 100000002741024100
105,chain,4,100000002741024100,peripheral,1,False,0.685816,100000004400305100 → 100000005910114100 → 100000007629096100 → 100000002741024100
106,chain,1,100000004351795100,coordinator,1,False,0.884742,100000004351795100 → 100000008512552100 → 100000003242289100 → 100000002301828100
106,chain,2,100000008512552100,peripheral,17,False,0.662848,100000004351795100 → 100000008512552100 → 100000003242289100 → 100000002301828100
106,chain,3,100000003242289100,coordinator,17,False,0.933085,100000004351795100 → 100000008512552100 → 100000003242289100 → 100000002301828100
106,chain,4,100000002301828100,terminal,17,False,0.308248,100000004351795100 → 100000008512552100 → 100000003242289100 → 100000002301828100
107,chain,1,100000003242289100,coordinator,17,False,0.933085,100000003242289100 → 100000008304139100 → 100000008603629100 → 100000000534581100
107,chain,2,100000008304139100,distributor,4,False,0.875222,100000003242289100 → 100000008304139100 → 100000008603629100 → 100000000534581100
107,chain,3,100000008603629100,coordinator,7,False,0.981072,100000003242289100 → 100000008304139100 → 100000008603629100 → 100000000534581100
107,chain,4,100000000534581100,peripheral,7,False,0.543183,100000003242289100 → 100000008304139100 → 100000008603629100 → 100000000534581100
108,chain,1,100000003242289100,coordinator,17,False,0.933085,100000003242289100 → 100000008304139100 → 100000003684369100 → 100000003877908100
108,chain,2,100000008304139100,distributor,4,False,0.875222,100000003242289100 → 100000008304139100 → 100000003684369100 → 100000003877908100
108,chain,3,100000003684369100,distributor,4,True,0.844489,100000003242289100 → 100000008304139100 → 100000003684369100 → 100000003877908100
108,chain,4,100000003877908100,terminal,4,False,0.413288,100000003242289100 → 100000008304139100 → 100000003684369100 → 100000003877908100
109,chain,1,100000004390333100,distributor,1,False,0.795774,100000004390333100 → 100000006866783100 → 100000005584222100 → 100000001382002100
109,chain,2,100000006866783100,distributor,1,True,0.830206,100000004390333100 → 100000006866783100 → 100000005584222100 → 100000001382002100
109,chain,3,100000005584222100,peripheral,1,False,0.542485,100000004390333100 → 100000006866783100 → 100000005584222100 → 100000001382002100
109,chain,4,100000001382002100,transit,1,False,0.415118,100000004390333100 → 100000006866783100 → 100000005584222100 → 100000001382002100
110,chain,1,100000005612411100,distributor,4,False,0.875556,100000005612411100 → 100000001102676100 → 100000003684369100 → 100000003877908100
110,chain,2,100000001102676100,transit,4,False,0.527022,100000005612411100 → 100000001102676100 → 100000003684369100 → 100000003877908100
110,chain,3,100000003684369100,distributor,4,True,0.844489,100000005612411100 → 100000001102676100 → 100000003684369100 → 100000003877908100
110,chain,4,100000003877908100,terminal,4,False,0.413288,100000005612411100 → 100000001102676100 → 100000003684369100 → 100000003877908100
111,chain,1,100000003242289100,coordinator,17,False,0.933085,100000003242289100 → 100000008304139100 → 100000003684369100 → 100000007274584100
111,chain,2,100000008304139100,distributor,4,False,0.875222,100000003242289100 → 100000008304139100 → 100000003684369100 → 100000007274584100
111,chain,3,100000003684369100,distributor,4,True,0.844489,100000003242289100 → 100000008304139100 → 100000003684369100 → 100000007274584100
111,chain,4,100000007274584100,terminal,4,False,0.411435,100000003242289100 → 100000008304139100 → 100000003684369100 → 100000007274584100
112,chain,1,100000005612411100,distributor,4,False,0.875556,100000005612411100 → 100000001102676100 → 100000003684369100 → 100000007274584100
112,chain,2,100000001102676100,transit,4,False,0.527022,100000005612411100 → 100000001102676100 → 100000003684369100 → 100000007274584100
112,chain,3,100000003684369100,distributor,4,True,0.844489,100000005612411100 → 100000001102676100 → 100000003684369100 → 100000007274584100
112,chain,4,100000007274584100,terminal,4,False,0.411435,100000005612411100 → 100000001102676100 → 100000003684369100 → 100000007274584100
113,chain,1,100000004351795100,coordinator,1,False,0.884742,100000004351795100 → 100000008512552100 → 100000003242289100 → 100000003109805100
113,chain,2,100000008512552100,peripheral,17,False,0.662848,100000004351795100 → 100000008512552100 → 100000003242289100 → 100000003109805100
113,chain,3,100000003242289100,coordinator,17,False,0.933085,100000004351795100 → 100000008512552100 → 100000003242289100 → 100000003109805100
113,chain,4,100000003109805100,terminal,17,False,0.299022,100000004351795100 → 100000008512552100 → 100000003242289100 → 100000003109805100
114,chain,1,100000002306369100,peripheral,4,False,0.434111,100000002306369100 → 100000008111003100 → 100000003796063100 → 100000008172352100
114,chain,2,100000008111003100,consolidator,1,False,0.848295,100000002306369100 → 100000008111003100 → 100000003796063100 → 100000008172352100
114,chain,3,100000003796063100,distributor,6,False,0.610376,100000002306369100 → 100000008111003100 → 100000003796063100 → 100000008172352100
114,chain,4,100000008172352100,peripheral,33,False,0.621769,100000002306369100 → 100000008111003100 → 100000003796063100 → 100000008172352100
115,chain,1,100000000437046100,coordinator,1,False,0.977091,100000000437046100 → 100000007055802100 → 100000004299488100 → 100000004674799100
115,chain,2,100000007055802100,consolidator,1,False,0.802891,100000000437046100 → 100000007055802100 → 100000004299488100 → 100000004674799100
115,chain,3,100000004299488100,consolidator,1,False,0.900693,100000000437046100 → 100000007055802100 → 100000004299488100 → 100000004674799100
115,chain,4,100000004674799100,terminal,1,False,0.442289,100000000437046100 → 100000007055802100 → 100000004299488100 → 100000004674799100
116,chain,1,100000007639767100,distributor,1,False,0.817671,100000007639767100 → 100000004400305100 → 100000002645993100 → 100000002398779100
116,chain,2,100000004400305100,distributor,1,False,0.886588,100000007639767100 → 100000004400305100 → 100000002645993100 → 100000002398779100
116,chain,3,100000002645993100,peripheral,1,False,0.575386,100000007639767100 → 100000004400305100 → 100000002645993100 → 100000002398779100
116,chain,4,100000002398779100,consolidator,1,False,0.912189,100000007639767100 → 100000004400305100 → 100000002645993100 → 100000002398779100
117,chain,1,100000008466579100,distributor,3,False,0.777513,100000008466579100 → 100000008489922100 → 100000008547948100 → 100000002529880100
117,chain,2,100000008489922100,coordinator,3,False,0.913812,100000008466579100 → 100000008489922100 → 100000008547948100 → 100000002529880100
117,chain,3,100000008547948100,coordinator,3,False,0.917382,100000008466579100 → 100000008489922100 → 100000008547948100 → 100000002529880100
117,chain,4,100000002529880100,terminal,3,False,0.490045,100000008466579100 → 100000008489922100 → 100000008547948100 → 100000002529880100
118,chain,1,100000005041905100,peripheral,2,False,0.251824,100000005041905100 → 100000002578405100 → 100000008493007100 → 100000005685783100
118,chain,2,100000002578405100,distributor,2,False,0.700712,100000005041905100 → 100000002578405100 → 100000008493007100 → 100000005685783100
118,chain,3,100000008493007100,transit,2,False,0.425725,100000005041905100 → 100000002578405100 → 100000008493007100 → 100000005685783100
118,chain,4,100000005685783100,peripheral,2,False,0.163626,100000005041905100 → 100000002578405100 → 100000008493007100 → 100000005685783100
119,chain,1,100000003016635100,distributor,5,True,0.825536,100000003016635100 → 100000005339662100 → 100000000343175100 → 100000002941114100
119,chain,2,100000005339662100,peripheral,16,False,0.669312,100000003016635100 → 100000005339662100 → 100000000343175100 → 100000002941114100
119,chain,3,100000000343175100,distributor,12,True,0.797961,100000003016635100 → 100000005339662100 → 100000000343175100 → 100000002941114100
119,chain,4,100000002941114100,peripheral,12,False,0.595592,100000003016635100 → 100000005339662100 → 100000000343175100 → 100000002941114100
120,chain,1,100000003016635100,distributor,5,True,0.825536,100000003016635100 → 100000005339662100 → 100000000343175100 → 100000004105288100
120,chain,2,100000005339662100,peripheral,16,False,0.669312,100000003016635100 → 100000005339662100 → 100000000343175100 → 100000004105288100
120,chain,3,100000000343175100,distributor,12,True,0.797961,100000003016635100 → 100000005339662100 → 100000000343175100 → 100000004105288100
120,chain,4,100000004105288100,terminal,4,False,0.562492,100000003016635100 → 100000005339662100 → 100000000343175100 → 100000004105288100
121,chain,1,100000003242289100,coordinator,17,False,0.933085,100000003242289100 → 100000008304139100 → 100000008603629100 → 100000005830339100
121,chain,2,100000008304139100,distributor,4,False,0.875222,100000003242289100 → 100000008304139100 → 100000008603629100 → 100000005830339100
121,chain,3,100000008603629100,coordinator,7,False,0.981072,100000003242289100 → 100000008304139100 → 100000008603629100 → 100000005830339100
121,chain,4,100000005830339100,consolidator,4,False,0.781139,100000003242289100 → 100000008304139100 → 100000008603629100 → 100000005830339100
122,chain,1,100000006866783100,distributor,1,True,0.830206,100000006866783100 → 100000004070318100 → 100000008346837100 → 100000003724440100
122,chain,2,100000004070318100,distributor,1,False,0.879738,100000006866783100 → 100000004070318100 → 100000008346837100 → 100000003724440100
122,chain,3,100000008346837100,coordinator,14,False,0.961321,100000006866783100 → 100000004070318100 → 100000008346837100 → 100000003724440100
122,chain,4,100000003724440100,terminal,4,False,0.499876,100000006866783100 → 100000004070318100 → 100000008346837100 → 100000003724440100
123,chain,1,100000004351795100,coordinator,1,False,0.884742,100000004351795100 → 100000008512552100 → 100000003242289100 → 100000004140487100
123,chain,2,100000008512552100,peripheral,17,False,0.662848,100000004351795100 → 100000008512552100 → 100000003242289100 → 100000004140487100
123,chain,3,100000003242289100,coordinator,17,False,0.933085,100000004351795100 → 100000008512552100 → 100000003242289100 → 100000004140487100
123,chain,4,100000004140487100,distributor,4,False,0.584308,100000004351795100 → 100000008512552100 → 100000003242289100 → 100000004140487100
124,chain,1,100000008111003100,consolidator,1,False,0.848295,100000008111003100 → 100000003796063100 → 100000008172352100 → 100000007322059100
124,chain,2,100000003796063100,distributor,6,False,0.610376,100000008111003100 → 100000003796063100 → 100000008172352100 → 100000007322059100
124,chain,3,100000008172352100,peripheral,33,False,0.621769,100000008111003100 → 100000003796063100 → 100000008172352100 → 100000007322059100
124,chain,4,100000007322059100,peripheral,33,False,0.462444,100000008111003100 → 100000003796063100 → 100000008172352100 → 100000007322059100
125,chain,1,100000000089154100,distributor,1,False,0.542004,100000000089154100 → 100000006866783100 → 100000004299488100 → 100000007055802100
125,chain,2,100000006866783100,distributor,1,True,0.830206,100000000089154100 → 100000006866783100 → 100000004299488100 → 100000007055802100
125,chain,3,100000004299488100,consolidator,1,False,0.900693,100000000089154100 → 100000006866783100 → 100000004299488100 → 100000007055802100
125,chain,4,100000007055802100,consolidator,1,False,0.802891,100000000089154100 → 100000006866783100 → 100000004299488100 → 100000007055802100
126,chain,1,100000002267998100,peripheral,24,False,0.620385,100000002267998100 → 100000003701161100 → 100000003718221100 → 100000005974542100
126,chain,2,100000003701161100,peripheral,24,False,0.6871,100000002267998100 → 100000003701161100 → 100000003718221100 → 100000005974542100
126,chain,3,100000003718221100,peripheral,24,False,0.624383,100000002267998100 → 100000003701161100 → 100000003718221100 → 100000005974542100
126,chain,4,100000005974542100,terminal,24,False,0.399109,100000002267998100 → 100000003701161100 → 100000003718221100 → 100000005974542100
127,chain,1,100000003796063100,distributor,6,False,0.610376,100000003796063100 → 100000006866783100 → 100000004299488100 → 100000007055802100
127,chain,2,100000006866783100,distributor,1,True,0.830206,100000003796063100 → 100000006866783100 → 100000004299488100 → 100000007055802100
127,chain,3,100000004299488100,consolidator,1,False,0.900693,100000003796063100 → 100000006866783100 → 100000004299488100 → 100000007055802100
127,chain,4,100000007055802100,consolidator,1,False,0.802891,100000003796063100 → 100000006866783100 → 100000004299488100 → 100000007055802100
128,chain,1,100000005048668100,distributor,7,False,0.76577,100000005048668100 → 100000008603629100 → 100000004847758100 → 100000004071080100
128,chain,2,100000008603629100,coordinator,7,False,0.981072,100000005048668100 → 100000008603629100 → 100000004847758100 → 100000004071080100
128,chain,3,100000004847758100,distributor,4,False,0.841915,100000005048668100 → 100000008603629100 → 100000004847758100 → 100000004071080100
128,chain,4,100000004071080100,consolidator,1,False,0.825979,100000005048668100 → 100000008603629100 → 100000004847758100 → 100000004071080100
129,chain,1,100000008086440100,transit,1,False,0.698903,100000008086440100 → 100000008603629100 → 100000004847758100 → 100000004071080100
129,chain,2,100000008603629100,coordinator,7,False,0.981072,100000008086440100 → 100000008603629100 → 100000004847758100 → 100000004071080100
129,chain,3,100000004847758100,distributor,4,False,0.841915,100000008086440100 → 100000008603629100 → 100000004847758100 → 100000004071080100
129,chain,4,100000004071080100,consolidator,1,False,0.825979,100000008086440100 → 100000008603629100 → 100000004847758100 → 100000004071080100
130,chain,1,100000008636603100,peripheral,5,False,0.581642,100000008636603100 → 100000003016635100 → 100000006069103100 → 100000006787636100
130,chain,2,100000003016635100,distributor,5,True,0.825536,100000008636603100 → 100000003016635100 → 100000006069103100 → 100000006787636100
130,chain,3,100000006069103100,transit,55,False,0.789976,100000008636603100 → 100000003016635100 → 100000006069103100 → 100000006787636100
130,chain,4,100000006787636100,terminal,55,False,0.271155,100000008636603100 → 100000003016635100 → 100000006069103100 → 100000006787636100
131,chain,1,100000008686313100,peripheral,1,False,0.702449,100000008686313100 → 100000006866783100 → 100000004299488100 → 100000007055802100
131,chain,2,100000006866783100,distributor,1,True,0.830206,100000008686313100 → 100000006866783100 → 100000004299488100 → 100000007055802100
131,chain,3,100000004299488100,consolidator,1,False,0.900693,100000008686313100 → 100000006866783100 → 100000004299488100 → 100000007055802100
131,chain,4,100000007055802100,consolidator,1,False,0.802891,100000008686313100 → 100000006866783100 → 100000004299488100 → 100000007055802100
132,chain,1,100000004400305100,distributor,1,False,0.886588,100000004400305100 → 100000004070318100 → 100000006866783100 → 100000001660397100
132,chain,2,100000004070318100,distributor,1,False,0.879738,100000004400305100 → 100000004070318100 → 100000006866783100 → 100000001660397100
132,chain,3,100000006866783100,distributor,1,True,0.830206,100000004400305100 → 100000004070318100 → 100000006866783100 → 100000001660397100
132,chain,4,100000001660397100,transit,1,False,0.667155,100000004400305100 → 100000004070318100 → 100000006866783100 → 100000001660397100
133,chain,1,100000003796063100,distributor,6,False,0.610376,100000003796063100 → 100000006866783100 → 100000008443341100 → 100000008477350100
133,chain,2,100000006866783100,distributor,1,True,0.830206,100000003796063100 → 100000006866783100 → 100000008443341100 → 100000008477350100
133,chain,3,100000008443341100,peripheral,13,False,0.4877,100000003796063100 → 100000006866783100 → 100000008443341100 → 100000008477350100
133,chain,4,100000008477350100,coordinator,1,False,0.949978,100000003796063100 → 100000006866783100 → 100000008443341100 → 100000008477350100
134,chain,1,100000004351795100,coordinator,1,False,0.884742,100000004351795100 → 100000003242289100 → 100000004140487100 → 100000003249054100
134,chain,2,100000003242289100,coordinator,17,False,0.933085,100000004351795100 → 100000003242289100 → 100000004140487100 → 100000003249054100
134,chain,3,100000004140487100,distributor,4,False,0.584308,100000004351795100 → 100000003242289100 → 100000004140487100 → 100000003249054100
134,chain,4,100000003249054100,consolidator,4,False,0.785098,100000004351795100 → 100000003242289100 → 100000004140487100 → 100000003249054100
135,chain,1,100000005910114100,coordinator,1,False,0.943216,100000005910114100 → 100000006866783100 → 100000008443341100 → 100000008477350100
135,chain,2,100000006866783100,distributor,1,True,0.830206,100000005910114100 → 100000006866783100 → 100000008443341100 → 100000008477350100
135,chain,3,100000008443341100,peripheral,13,False,0.4877,100000005910114100 → 100000006866783100 → 100000008443341100 → 100000008477350100
135,chain,4,100000008477350100,coordinator,1,False,0.949978,100000005910114100 → 100000006866783100 → 100000008443341100 → 100000008477350100
136,chain,1,100000008304139100,distributor,4,False,0.875222,100000008304139100 → 100000006866783100 → 100000008443341100 → 100000008477350100
136,chain,2,100000006866783100,distributor,1,True,0.830206,100000008304139100 → 100000006866783100 → 100000008443341100 → 100000008477350100
136,chain,3,100000008443341100,peripheral,13,False,0.4877,100000008304139100 → 100000006866783100 → 100000008443341100 → 100000008477350100
136,chain,4,100000008477350100,coordinator,1,False,0.949978,100000008304139100 → 100000006866783100 → 100000008443341100 → 100000008477350100
137,chain,1,100000008512552100,peripheral,17,False,0.662848,100000008512552100 → 100000003242289100 → 100000004140487100 → 100000003249054100
137,chain,2,100000003242289100,coordinator,17,False,0.933085,100000008512552100 → 100000003242289100 → 100000004140487100 → 100000003249054100
137,chain,3,100000004140487100,distributor,4,False,0.584308,100000008512552100 → 100000003242289100 → 100000004140487100 → 100000003249054100
137,chain,4,100000003249054100,consolidator,4,False,0.785098,100000008512552100 → 100000003242289100 → 100000004140487100 → 100000003249054100
138,chain,1,100000006866783100,distributor,1,True,0.830206,100000006866783100 → 100000008443341100 → 100000008477350100 → 100000007639767100
138,chain,2,100000008443341100,peripheral,13,False,0.4877,100000006866783100 → 100000008443341100 → 100000008477350100 → 100000007639767100
138,chain,3,100000008477350100,coordinator,1,False,0.949978,100000006866783100 → 100000008443341100 → 100000008477350100 → 100000007639767100
138,chain,4,100000007639767100,distributor,1,False,0.817671,100000006866783100 → 100000008443341100 → 100000008477350100 → 100000007639767100
139,chain,1,100000003796063100,distributor,6,False,0.610376,100000003796063100 → 100000008172352100 → 100000007322059100 → 100000004552204100
139,chain,2,100000008172352100,peripheral,33,False,0.621769,100000003796063100 → 100000008172352100 → 100000007322059100 → 100000004552204100
139,chain,3,100000007322059100,peripheral,33,False,0.462444,100000003796063100 → 100000008172352100 → 100000007322059100 → 100000004552204100
139,chain,4,100000004552204100,peripheral,33,False,0.367985,100000003796063100 → 100000008172352100 → 100000007322059100 → 100000004552204100
140,chain,1,100000004358004100,distributor,4,True,0.240726,100000004358004100 → 100000008172352100 → 100000007322059100 → 100000004552204100
140,chain,2,100000008172352100,peripheral,33,False,0.621769,100000004358004100 → 100000008172352100 → 100000007322059100 → 100000004552204100
140,chain,3,100000007322059100,peripheral,33,False,0.462444,100000004358004100 → 100000008172352100 → 100000007322059100 → 100000004552204100
140,chain,4,100000004552204100,peripheral,33,False,0.367985,100000004358004100 → 100000008172352100 → 100000007322059100 → 100000004552204100
141,chain,1,100000008603629100,coordinator,7,False,0.981072,100000008603629100 → 100000004847758100 → 100000003684369100 → 100000005093521100
141,chain,2,100000004847758100,distributor,4,False,0.841915,100000008603629100 → 100000004847758100 → 100000003684369100 → 100000005093521100
141,chain,3,100000003684369100,distributor,4,True,0.844489,100000008603629100 → 100000004847758100 → 100000003684369100 → 100000005093521100
141,chain,4,100000005093521100,terminal,4,False,0.37075,100000008603629100 → 100000004847758100 → 100000003684369100 → 100000005093521100
142,chain,1,100000002723538100,distributor,7,False,0.839435,100000002723538100 → 100000008603629100 → 100000007197866100 → 100000004379306100
142,chain,2,100000008603629100,coordinator,7,False,0.981072,100000002723538100 → 100000008603629100 → 100000007197866100 → 100000004379306100
142,chain,3,100000007197866100,peripheral,7,False,0.38948,100000002723538100 → 100000008603629100 → 100000007197866100 → 100000004379306100
142,chain,4,100000004379306100,peripheral,7,False,0.148077,100000002723538100 → 100000008603629100 → 100000007197866100 → 100000004379306100
143,chain,1,100000003968044100,peripheral,7,False,0.451668,100000003968044100 → 100000008603629100 → 100000007197866100 → 100000004379306100
143,chain,2,100000008603629100,coordinator,7,False,0.981072,100000003968044100 → 100000008603629100 → 100000007197866100 → 100000004379306100
143,chain,3,100000007197866100,peripheral,7,False,0.38948,100000003968044100 → 100000008603629100 → 100000007197866100 → 100000004379306100
143,chain,4,100000004379306100,peripheral,7,False,0.148077,100000003968044100 → 100000008603629100 → 100000007197866100 → 100000004379306100
144,chain,1,100000004400305100,distributor,1,False,0.886588,100000004400305100 → 100000004070318100 → 100000006866783100 → 100000003235780100
144,chain,2,100000004070318100,distributor,1,False,0.879738,100000004400305100 → 100000004070318100 → 100000006866783100 → 100000003235780100
144,chain,3,100000006866783100,distributor,1,True,0.830206,100000004400305100 → 100000004070318100 → 100000006866783100 → 100000003235780100
144,chain,4,100000003235780100,terminal,1,False,0.462329,100000004400305100 → 100000004070318100 → 100000006866783100 → 100000003235780100
145,chain,1,100000005287097100,distributor,5,False,0.867304,100000005287097100 → 100000003016635100 → 100000000667713100 → 100000002481735100
145,chain,2,100000003016635100,distributor,5,True,0.825536,100000005287097100 → 100000003016635100 → 100000000667713100 → 100000002481735100
145,chain,3,100000000667713100,peripheral,5,False,0.615012,100000005287097100 → 100000003016635100 → 100000000667713100 → 100000002481735100
145,chain,4,100000002481735100,terminal,5,False,0.276259,100000005287097100 → 100000003016635100 → 100000000667713100 → 100000002481735100
146,chain,1,100000005339662100,peripheral,16,False,0.669312,100000005339662100 → 100000000343175100 → 100000002941114100 → 100000005168487100
146,chain,2,100000000343175100,distributor,12,True,0.797961,100000005339662100 → 100000000343175100 → 100000002941114100 → 100000005168487100
146,chain,3,100000002941114100,peripheral,12,False,0.595592,100000005339662100 → 100000000343175100 → 100000002941114100 → 100000005168487100
146,chain,4,100000005168487100,peripheral,12,False,0.410331,100000005339662100 → 100000000343175100 → 100000002941114100 → 100000005168487100
147,chain,1,100000005910114100,coordinator,1,False,0.943216,100000005910114100 → 100000006866783100 → 100000004737477100 → 100000003831201100
147,chain,2,100000006866783100,distributor,1,True,0.830206,100000005910114100 → 100000006866783100 → 100000004737477100 → 100000003831201100
147,chain,3,100000004737477100,transit,1,False,0.677354,100000005910114100 → 100000006866783100 → 100000004737477100 → 100000003831201100
147,chain,4,100000003831201100,terminal,1,False,0.366137,100000005910114100 → 100000006866783100 → 100000004737477100 → 100000003831201100
148,chain,1,100000005910114100,coordinator,1,False,0.943216,100000005910114100 → 100000006866783100 → 100000004847758100 → 100000002398779100
148,chain,2,100000006866783100,distributor,1,True,0.830206,100000005910114100 → 100000006866783100 → 100000004847758100 → 100000002398779100
148,chain,3,100000004847758100,distributor,4,False,0.841915,100000005910114100 → 100000006866783100 → 100000004847758100 → 100000002398779100
148,chain,4,100000002398779100,consolidator,1,False,0.912189,100000005910114100 → 100000006866783100 → 100000004847758100 → 100000002398779100
149,chain,1,100000005910114100,coordinator,1,False,0.943216,100000005910114100 → 100000006866783100 → 100000008304139100 → 100000005942793100
149,chain,2,100000006866783100,distributor,1,True,0.830206,100000005910114100 → 100000006866783100 → 100000008304139100 → 100000005942793100
149,chain,3,100000008304139100,distributor,4,False,0.875222,100000005910114100 → 100000006866783100 → 100000008304139100 → 100000005942793100
149,chain,4,100000005942793100,consolidator,1,False,0.595563,100000005910114100 → 100000006866783100 → 100000008304139100 → 100000005942793100
150,chain,1,100000005910114100,coordinator,1,False,0.943216,100000005910114100 → 100000008603629100 → 100000007197866100 → 100000004379306100
150,chain,2,100000008603629100,coordinator,7,False,0.981072,100000005910114100 → 100000008603629100 → 100000007197866100 → 100000004379306100
150,chain,3,100000007197866100,peripheral,7,False,0.38948,100000005910114100 → 100000008603629100 → 100000007197866100 → 100000004379306100
150,chain,4,100000004379306100,peripheral,7,False,0.148077,100000005910114100 → 100000008603629100 → 100000007197866100 → 100000004379306100
151,chain,1,100000008304139100,distributor,4,False,0.875222,100000008304139100 → 100000006866783100 → 100000004737477100 → 100000003831201100
151,chain,2,100000006866783100,distributor,1,True,0.830206,100000008304139100 → 100000006866783100 → 100000004737477100 → 100000003831201100
151,chain,3,100000004737477100,transit,1,False,0.677354,100000008304139100 → 100000006866783100 → 100000004737477100 → 100000003831201100
151,chain,4,100000003831201100,terminal,1,False,0.366137,100000008304139100 → 100000006866783100 → 100000004737477100 → 100000003831201100
152,chain,1,100000008304139100,distributor,4,False,0.875222,100000008304139100 → 100000006866783100 → 100000004847758100 → 100000002398779100
152,chain,2,100000006866783100,distributor,1,True,0.830206,100000008304139100 → 100000006866783100 → 100000004847758100 → 100000002398779100
152,chain,3,100000004847758100,distributor,4,False,0.841915,100000008304139100 → 100000006866783100 → 100000004847758100 → 100000002398779100
152,chain,4,100000002398779100,consolidator,1,False,0.912189,100000008304139100 → 100000006866783100 → 100000004847758100 → 100000002398779100
153,chain,1,100000008636603100,peripheral,5,False,0.581642,100000008636603100 → 100000003016635100 → 100000000667713100 → 100000002481735100
153,chain,2,100000003016635100,distributor,5,True,0.825536,100000008636603100 → 100000003016635100 → 100000000667713100 → 100000002481735100
153,chain,3,100000000667713100,peripheral,5,False,0.615012,100000008636603100 → 100000003016635100 → 100000000667713100 → 100000002481735100
153,chain,4,100000002481735100,terminal,5,False,0.276259,100000008636603100 → 100000003016635100 → 100000000667713100 → 100000002481735100
154,chain,1,100000008632060100,distributor,1,False,0.478915,100000008632060100 → 100000004400305100 → 100000002645993100 → 100000008413748100
154,chain,2,100000004400305100,distributor,1,False,0.886588,100000008632060100 → 100000004400305100 → 100000002645993100 → 100000008413748100
154,chain,3,100000002645993100,peripheral,1,False,0.575386,100000008632060100 → 100000004400305100 → 100000002645993100 → 100000008413748100
154,chain,4,100000008413748100,distributor,17,False,0.75843,100000008632060100 → 100000004400305100 → 100000002645993100 → 100000008413748100
155,chain,1,100000005910114100,coordinator,1,False,0.943216,100000005910114100 → 100000006866783100 → 100000008304139100 → 100000005782781100
155,chain,2,100000006866783100,distributor,1,True,0.830206,100000005910114100 → 100000006866783100 → 100000008304139100 → 100000005782781100
155,chain,3,100000008304139100,distributor,4,False,0.875222,100000005910114100 → 100000006866783100 → 100000008304139100 → 100000005782781100
155,chain,4,100000005782781100,peripheral,11,False,0.674628,100000005910114100 → 100000006866783100 → 100000008304139100 → 100000005782781100
156,chain,1,100000004400305100,distributor,1,False,0.886588,100000004400305100 → 100000004070318100 → 100000006866783100 → 100000008686313100
156,chain,2,100000004070318100,distributor,1,False,0.879738,100000004400305100 → 100000004070318100 → 100000006866783100 → 100000008686313100
156,chain,3,100000006866783100,distributor,1,True,0.830206,100000004400305100 → 100000004070318100 → 100000006866783100 → 100000008686313100
156,chain,4,100000008686313100,peripheral,1,False,0.702449,100000004400305100 → 100000004070318100 → 100000006866783100 → 100000008686313100
157,chain,1,100000001857829100,coordinator,7,False,0.945212,100000001857829100 → 100000008603629100 → 100000006641671100 → 100000008097580100
157,chain,2,100000008603629100,coordinator,7,False,0.981072,100000001857829100 → 100000008603629100 → 100000006641671100 → 100000008097580100
157,chain,3,100000006641671100,transit,7,False,0.499722,100000001857829100 → 100000008603629100 → 100000006641671100 → 100000008097580100
157,chain,4,100000008097580100,terminal,7,False,0.37041,100000001857829100 → 100000008603629100 → 100000006641671100 → 100000008097580100
158,chain,1,100000003016635100,distributor,5,True,0.825536,100000003016635100 → 100000005287097100 → 100000004150593100 → 100000003896956100
158,chain,2,100000005287097100,distributor,5,False,0.867304,100000003016635100 → 100000005287097100 → 100000004150593100 → 100000003896956100
158,chain,3,100000004150593100,distributor,5,False,0.743794,100000003016635100 → 100000005287097100 → 100000004150593100 → 100000003896956100
158,chain,4,100000003896956100,peripheral,5,False,0.42341,100000003016635100 → 100000005287097100 → 100000004150593100 → 100000003896956100
159,chain,1,100000003360542100,peripheral,12,False,0.589694,100000003360542100 → 100000003115284100 → 100000003390036100 → 100000005873152100
159,chain,2,100000003115284100,consolidator,12,False,0.958669,100000003360542100 → 100000003115284100 → 100000003390036100 → 100000005873152100
159,chain,3,100000003390036100,peripheral,12,False,0.644832,100000003360542100 → 100000003115284100 → 100000003390036100 → 100000005873152100
159,chain,4,100000005873152100,transit,12,False,0.459153,100000003360542100 → 100000003115284100 → 100000003390036100 → 100000005873152100
160,chain,1,100000005665181100,distributor,6,False,0.803261,100000005665181100 → 100000004475818100 → 100000008172352100 → 100000002628146100
160,chain,2,100000004475818100,peripheral,6,False,0.408964,100000005665181100 → 100000004475818100 → 100000008172352100 → 100000002628146100
160,chain,3,100000008172352100,peripheral,33,False,0.621769,100000005665181100 → 100000004475818100 → 100000008172352100 → 100000002628146100
160,chain,4,100000002628146100,terminal,33,False,0.292896,100000005665181100 → 100000004475818100 → 100000008172352100 → 100000002628146100
161,chain,1,100000005873152100,transit,12,False,0.459153,100000005873152100 → 100000003360542100 → 100000003115284100 → 100000003390036100
161,chain,2,100000003360542100,peripheral,12,False,0.589694,100000005873152100 → 100000003360542100 → 100000003115284100 → 100000003390036100
161,chain,3,100000003115284100,consolidator,12,False,0.958669,100000005873152100 → 100000003360542100 → 100000003115284100 → 100000003390036100
161,chain,4,100000003390036100,peripheral,12,False,0.644832,100000005873152100 → 100000003360542100 → 100000003115284100 → 100000003390036100
162,chain,1,100000007639767100,distributor,1,False,0.817671,100000007639767100 → 100000004400305100 → 100000005186131100 → 100000006171671100
162,chain,2,100000004400305100,distributor,1,False,0.886588,100000007639767100 → 100000004400305100 → 100000005186131100 → 100000006171671100
162,chain,3,100000005186131100,transit,1,False,0.536319,100000007639767100 → 100000004400305100 → 100000005186131100 → 100000006171671100
162,chain,4,100000006171671100,peripheral,1,False,0.17757,100000007639767100 → 100000004400305100 → 100000005186131100 → 100000006171671100
163,chain,1,100000008632060100,distributor,1,False,0.478915,100000008632060100 → 100000004400305100 → 100000005186131100 → 100000006171671100
163,chain,2,100000004400305100,distributor,1,False,0.886588,100000008632060100 → 100000004400305100 → 100000005186131100 → 100000006171671100
163,chain,3,100000005186131100,transit,1,False,0.536319,100000008632060100 → 100000004400305100 → 100000005186131100 → 100000006171671100
163,chain,4,100000006171671100,peripheral,1,False,0.17757,100000008632060100 → 100000004400305100 → 100000005186131100 → 100000006171671100
164,chain,1,100000001660397100,transit,1,False,0.667155,100000001660397100 → 100000006866783100 → 100000008686313100 → 100000002826669100
164,chain,2,100000006866783100,distributor,1,True,0.830206,100000001660397100 → 100000006866783100 → 100000008686313100 → 100000002826669100
164,chain,3,100000008686313100,peripheral,1,False,0.702449,100000001660397100 → 100000006866783100 → 100000008686313100 → 100000002826669100
164,chain,4,100000002826669100,terminal,1,False,0.446486,100000001660397100 → 100000006866783100 → 100000008686313100 → 100000002826669100
165,chain,1,100000008304139100,distributor,4,False,0.875222,100000008304139100 → 100000006866783100 → 100000008686313100 → 100000002826669100
165,chain,2,100000006866783100,distributor,1,True,0.830206,100000008304139100 → 100000006866783100 → 100000008686313100 → 100000002826669100
165,chain,3,100000008686313100,peripheral,1,False,0.702449,100000008304139100 → 100000006866783100 → 100000008686313100 → 100000002826669100
165,chain,4,100000002826669100,terminal,1,False,0.446486,100000008304139100 → 100000006866783100 → 100000008686313100 → 100000002826669100
166,chain,1,100000002957787100,coordinator,1,False,0.900323,100000002957787100 → 100000002645993100 → 100000008413748100 → 100000008612257100
166,chain,2,100000002645993100,peripheral,1,False,0.575386,100000002957787100 → 100000002645993100 → 100000008413748100 → 100000008612257100
166,chain,3,100000008413748100,distributor,17,False,0.75843,100000002957787100 → 100000002645993100 → 100000008413748100 → 100000008612257100
166,chain,4,100000008612257100,terminal,17,False,0.243212,100000002957787100 → 100000002645993100 → 100000008413748100 → 100000008612257100
167,chain,1,100000004400305100,distributor,1,False,0.886588,100000004400305100 → 100000002645993100 → 100000008413748100 → 100000008612257100
167,chain,2,100000002645993100,peripheral,1,False,0.575386,100000004400305100 → 100000002645993100 → 100000008413748100 → 100000008612257100
167,chain,3,100000008413748100,distributor,17,False,0.75843,100000004400305100 → 100000002645993100 → 100000008413748100 → 100000008612257100
167,chain,4,100000008612257100,terminal,17,False,0.243212,100000004400305100 → 100000002645993100 → 100000008413748100 → 100000008612257100
168,chain,1,100000004400305100,distributor,1,False,0.886588,100000004400305100 → 100000004070318100 → 100000008346837100 → 100000000534581100
168,chain,2,100000004070318100,distributor,1,False,0.879738,100000004400305100 → 100000004070318100 → 100000008346837100 → 100000000534581100
168,chain,3,100000008346837100,coordinator,14,False,0.961321,100000004400305100 → 100000004070318100 → 100000008346837100 → 100000000534581100
168,chain,4,100000000534581100,peripheral,7,False,0.543183,100000004400305100 → 100000004070318100 → 100000008346837100 → 100000000534581100
169,chain,1,100000006866783100,distributor,1,True,0.830206,100000006866783100 → 100000004070318100 → 100000008346837100 → 100000000534581100
169,chain,2,100000004070318100,distributor,1,False,0.879738,100000006866783100 → 100000004070318100 → 100000008346837100 → 100000000534581100
169,chain,3,100000008346837100,coordinator,14,False,0.961321,100000006866783100 → 100000004070318100 → 100000008346837100 → 100000000534581100
169,chain,4,100000000534581100,peripheral,7,False,0.543183,100000006866783100 → 100000004070318100 → 100000008346837100 → 100000000534581100
170,chain,1,100000007639767100,distributor,1,False,0.817671,100000007639767100 → 100000004400305100 → 100000002645993100 → 100000001202787100
170,chain,2,100000004400305100,distributor,1,False,0.886588,100000007639767100 → 100000004400305100 → 100000002645993100 → 100000001202787100
170,chain,3,100000002645993100,peripheral,1,False,0.575386,100000007639767100 → 100000004400305100 → 100000002645993100 → 100000001202787100
170,chain,4,100000001202787100,peripheral,1,False,0.244102,100000007639767100 → 100000004400305100 → 100000002645993100 → 100000001202787100
171,chain,1,100000008632060100,distributor,1,False,0.478915,100000008632060100 → 100000004400305100 → 100000002645993100 → 100000001202787100
171,chain,2,100000004400305100,distributor,1,False,0.886588,100000008632060100 → 100000004400305100 → 100000002645993100 → 100000001202787100
171,chain,3,100000002645993100,peripheral,1,False,0.575386,100000008632060100 → 100000004400305100 → 100000002645993100 → 100000001202787100
171,chain,4,100000001202787100,peripheral,1,False,0.244102,100000008632060100 → 100000004400305100 → 100000002645993100 → 100000001202787100
172,chain,1,100000001732159100,peripheral,41,True,0.582587,100000001732159100 → 100000008314203100 → 100000008637537100 → 100000005940652100
172,chain,2,100000008314203100,peripheral,41,True,0.499081,100000001732159100 → 100000008314203100 → 100000008637537100 → 100000005940652100
172,chain,3,100000008637537100,peripheral,41,True,0.602789,100000001732159100 → 100000008314203100 → 100000008637537100 → 100000005940652100
172,chain,4,100000005940652100,terminal,41,False,0.352676,100000001732159100 → 100000008314203100 → 100000008637537100 → 100000005940652100
173,chain,1,100000003016635100,distributor,5,True,0.825536,100000003016635100 → 100000005287097100 → 100000004150593100 → 100000003899899100
173,chain,2,100000005287097100,distributor,5,False,0.867304,100000003016635100 → 100000005287097100 → 100000004150593100 → 100000003899899100
173,chain,3,100000004150593100,distributor,5,False,0.743794,100000003016635100 → 100000005287097100 → 100000004150593100 → 100000003899899100
173,chain,4,100000003899899100,peripheral,5,False,0.564128,100000003016635100 → 100000005287097100 → 100000004150593100 → 100000003899899100
174,chain,1,100000008086440100,transit,1,False,0.698903,100000008086440100 → 100000008477350100 → 100000001126374100 → 100000005730108100
174,chain,2,100000008477350100,coordinator,1,False,0.949978,100000008086440100 → 100000008477350100 → 100000001126374100 → 100000005730108100
174,chain,3,100000001126374100,consolidator,1,False,0.798928,100000008086440100 → 100000008477350100 → 100000001126374100 → 100000005730108100
174,chain,4,100000005730108100,terminal,1,False,0.303937,100000008086440100 → 100000008477350100 → 100000001126374100 → 100000005730108100
175,chain,1,100000008304139100,distributor,4,False,0.875222,100000008304139100 → 100000006866783100 → 100000000089154100 → 100000003741418100
175,chain,2,100000006866783100,distributor,1,True,0.830206,100000008304139100 → 100000006866783100 → 100000000089154100 → 100000003741418100
175,chain,3,100000000089154100,distributor,1,False,0.542004,100000008304139100 → 100000006866783100 → 100000000089154100 → 100000003741418100
175,chain,4,100000003741418100,consolidator,6,False,0.828959,100000008304139100 → 100000006866783100 → 100000000089154100 → 100000003741418100
176,chain,1,100000008632060100,distributor,1,False,0.478915,100000008632060100 → 100000006866783100 → 100000000089154100 → 100000003741418100
176,chain,2,100000006866783100,distributor,1,True,0.830206,100000008632060100 → 100000006866783100 → 100000000089154100 → 100000003741418100
176,chain,3,100000000089154100,distributor,1,False,0.542004,100000008632060100 → 100000006866783100 → 100000000089154100 → 100000003741418100
176,chain,4,100000003741418100,consolidator,6,False,0.828959,100000008632060100 → 100000006866783100 → 100000000089154100 → 100000003741418100
177,chain,1,100000004140487100,distributor,4,False,0.584308,100000004140487100 → 100000004400305100 → 100000005048668100 → 100000003249054100
177,chain,2,100000004400305100,distributor,1,False,0.886588,100000004140487100 → 100000004400305100 → 100000005048668100 → 100000003249054100
177,chain,3,100000005048668100,distributor,7,False,0.76577,100000004140487100 → 100000004400305100 → 100000005048668100 → 100000003249054100
177,chain,4,100000003249054100,consolidator,4,False,0.785098,100000004140487100 → 100000004400305100 → 100000005048668100 → 100000003249054100
178,chain,1,100000000667713100,peripheral,5,False,0.615012,100000000667713100 → 100000008636603100 → 100000003016635100 → 100000001049200100
178,chain,2,100000008636603100,peripheral,5,False,0.581642,100000000667713100 → 100000008636603100 → 100000003016635100 → 100000001049200100
178,chain,3,100000003016635100,distributor,5,True,0.825536,100000000667713100 → 100000008636603100 → 100000003016635100 → 100000001049200100
178,chain,4,100000001049200100,peripheral,18,False,0.592377,100000000667713100 → 100000008636603100 → 100000003016635100 → 100000001049200100
179,chain,1,100000000667713100,peripheral,5,False,0.615012,100000000667713100 → 100000008636603100 → 100000003016635100 → 100000007281639100
179,chain,2,100000008636603100,peripheral,5,False,0.581642,100000000667713100 → 100000008636603100 → 100000003016635100 → 100000007281639100
179,chain,3,100000003016635100,distributor,5,True,0.825536,100000000667713100 → 100000008636603100 → 100000003016635100 → 100000007281639100
179,chain,4,100000007281639100,terminal,5,False,0.532696,100000000667713100 → 100000008636603100 → 100000003016635100 → 100000007281639100
180,chain,1,100000005910114100,coordinator,1,False,0.943216,100000005910114100 → 100000006866783100 → 100000004071080100 → 100000004071070100
180,chain,2,100000006866783100,distributor,1,True,0.830206,100000005910114100 → 100000006866783100 → 100000004071080100 → 100000004071070100
180,chain,3,100000004071080100,consolidator,1,False,0.825979,100000005910114100 → 100000006866783100 → 100000004071080100 → 100000004071070100
180,chain,4,100000004071070100,peripheral,1,False,0.444689,100000005910114100 → 100000006866783100 → 100000004071080100 → 100000004071070100
181,chain,1,100000007639767100,distributor,1,False,0.817671,100000007639767100 → 100000004400305100 → 100000004071080100 → 100000004071070100
181,chain,2,100000004400305100,distributor,1,False,0.886588,100000007639767100 → 100000004400305100 → 100000004071080100 → 100000004071070100
181,chain,3,100000004071080100,consolidator,1,False,0.825979,100000007639767100 → 100000004400305100 → 100000004071080100 → 100000004071070100
181,chain,4,100000004071070100,peripheral,1,False,0.444689,100000007639767100 → 100000004400305100 → 100000004071080100 → 100000004071070100
182,chain,1,100000008632060100,distributor,1,False,0.478915,100000008632060100 → 100000004400305100 → 100000004071080100 → 100000004071070100
182,chain,2,100000004400305100,distributor,1,False,0.886588,100000008632060100 → 100000004400305100 → 100000004071080100 → 100000004071070100
182,chain,3,100000004071080100,consolidator,1,False,0.825979,100000008632060100 → 100000004400305100 → 100000004071080100 → 100000004071070100
182,chain,4,100000004071070100,peripheral,1,False,0.444689,100000008632060100 → 100000004400305100 → 100000004071080100 → 100000004071070100
183,chain,1,100000004140487100,distributor,4,False,0.584308,100000004140487100 → 100000004400305100 → 100000005048668100 → 100000000332284100
183,chain,2,100000004400305100,distributor,1,False,0.886588,100000004140487100 → 100000004400305100 → 100000005048668100 → 100000000332284100
183,chain,3,100000005048668100,distributor,7,False,0.76577,100000004140487100 → 100000004400305100 → 100000005048668100 → 100000000332284100
183,chain,4,100000000332284100,consolidator,6,False,0.844988,100000004140487100 → 100000004400305100 → 100000005048668100 → 100000000332284100
184,chain,1,100000007639767100,distributor,1,False,0.817671,100000007639767100 → 100000004400305100 → 100000002645993100 → 100000000332284100
184,chain,2,100000004400305100,distributor,1,False,0.886588,100000007639767100 → 100000004400305100 → 100000002645993100 → 100000000332284100
184,chain,3,100000002645993100,peripheral,1,False,0.575386,100000007639767100 → 100000004400305100 → 100000002645993100 → 100000000332284100
184,chain,4,100000000332284100,consolidator,6,False,0.844988,100000007639767100 → 100000004400305100 → 100000002645993100 → 100000000332284100
185,chain,1,100000008632060100,distributor,1,False,0.478915,100000008632060100 → 100000004400305100 → 100000002645993100 → 100000000332284100
185,chain,2,100000004400305100,distributor,1,False,0.886588,100000008632060100 → 100000004400305100 → 100000002645993100 → 100000000332284100
185,chain,3,100000002645993100,peripheral,1,False,0.575386,100000008632060100 → 100000004400305100 → 100000002645993100 → 100000000332284100
185,chain,4,100000000332284100,consolidator,6,False,0.844988,100000008632060100 → 100000004400305100 → 100000002645993100 → 100000000332284100
186,chain,1,100000004070318100,distributor,1,False,0.879738,100000004070318100 → 100000002957787100 → 100000004770073100 → 100000005293969100
186,chain,2,100000002957787100,coordinator,1,False,0.900323,100000004070318100 → 100000002957787100 → 100000004770073100 → 100000005293969100
186,chain,3,100000004770073100,transit,1,False,0.453321,100000004070318100 → 100000002957787100 → 100000004770073100 → 100000005293969100
186,chain,4,100000005293969100,peripheral,1,False,0.135022,100000004070318100 → 100000002957787100 → 100000004770073100 → 100000005293969100
187,chain,1,100000004746397100,peripheral,6,False,0.450234,100000004746397100 → 100000002957787100 → 100000004770073100 → 100000005293969100
187,chain,2,100000002957787100,coordinator,1,False,0.900323,100000004746397100 → 100000002957787100 → 100000004770073100 → 100000005293969100
187,chain,3,100000004770073100,transit,1,False,0.453321,100000004746397100 → 100000002957787100 → 100000004770073100 → 100000005293969100
187,chain,4,100000005293969100,peripheral,1,False,0.135022,100000004746397100 → 100000002957787100 → 100000004770073100 → 100000005293969100
188,chain,1,100000005268319100,peripheral,1,False,0.419248,100000005268319100 → 100000002957787100 → 100000004770073100 → 100000005293969100
188,chain,2,100000002957787100,coordinator,1,False,0.900323,100000005268319100 → 100000002957787100 → 100000004770073100 → 100000005293969100
188,chain,3,100000004770073100,transit,1,False,0.453321,100000005268319100 → 100000002957787100 → 100000004770073100 → 100000005293969100
188,chain,4,100000005293969100,peripheral,1,False,0.135022,100000005268319100 → 100000002957787100 → 100000004770073100 → 100000005293969100
189,chain,1,100000000667713100,peripheral,5,False,0.615012,100000000667713100 → 100000008636603100 → 100000003016635100 → 100000002592567100
189,chain,2,100000008636603100,peripheral,5,False,0.581642,100000000667713100 → 100000008636603100 → 100000003016635100 → 100000002592567100
189,chain,3,100000003016635100,distributor,5,True,0.825536,100000000667713100 → 100000008636603100 → 100000003016635100 → 100000002592567100
189,chain,4,100000002592567100,peripheral,5,False,0.387203,100000000667713100 → 100000008636603100 → 100000003016635100 → 100000002592567100
190,chain,1,100000003635170100,transit,34,False,0.864708,100000003635170100 → 100000005602999100 → 100000008501413100 → 100000005910895100
190,chain,2,100000005602999100,peripheral,34,False,0.475381,100000003635170100 → 100000005602999100 → 100000008501413100 → 100000005910895100
190,chain,3,100000008501413100,transit,34,False,0.529304,100000003635170100 → 100000005602999100 → 100000008501413100 → 100000005910895100
190,chain,4,100000005910895100,peripheral,34,False,0.134502,100000003635170100 → 100000005602999100 → 100000008501413100 → 100000005910895100
191,chain,1,100000002957787100,coordinator,1,False,0.900323,100000002957787100 → 100000002645993100 → 100000002398779100 → 100000008576243100
191,chain,2,100000002645993100,peripheral,1,False,0.575386,100000002957787100 → 100000002645993100 → 100000002398779100 → 100000008576243100
191,chain,3,100000002398779100,consolidator,1,False,0.912189,100000002957787100 → 100000002645993100 → 100000002398779100 → 100000008576243100
191,chain,4,100000008576243100,terminal,1,False,0.500027,100000002957787100 → 100000002645993100 → 100000002398779100 → 100000008576243100
192,chain,1,100000004188160100,peripheral,5,False,0.611465,100000004188160100 → 100000008346837100 → 100000007593823100 → 100000003249054100
192,chain,2,100000008346837100,coordinator,14,False,0.961321,100000004188160100 → 100000008346837100 → 100000007593823100 → 100000003249054100
192,chain,3,100000007593823100,coordinator,1,False,0.813527,100000004188160100 → 100000008346837100 → 100000007593823100 → 100000003249054100
192,chain,4,100000003249054100,consolidator,4,False,0.785098,100000004188160100 → 100000008346837100 → 100000007593823100 → 100000003249054100
193,chain,1,100000004400305100,distributor,1,False,0.886588,100000004400305100 → 100000002645993100 → 100000002398779100 → 100000008576243100
193,chain,2,100000002645993100,peripheral,1,False,0.575386,100000004400305100 → 100000002645993100 → 100000002398779100 → 100000008576243100
193,chain,3,100000002398779100,consolidator,1,False,0.912189,100000004400305100 → 100000002645993100 → 100000002398779100 → 100000008576243100
193,chain,4,100000008576243100,terminal,1,False,0.500027,100000004400305100 → 100000002645993100 → 100000002398779100 → 100000008576243100
194,chain,1,100000008121806100,peripheral,7,False,0.478709,100000008121806100 → 100000008346837100 → 100000007593823100 → 100000003249054100
194,chain,2,100000008346837100,coordinator,14,False,0.961321,100000008121806100 → 100000008346837100 → 100000007593823100 → 100000003249054100
194,chain,3,100000007593823100,coordinator,1,False,0.813527,100000008121806100 → 100000008346837100 → 100000007593823100 → 100000003249054100
194,chain,4,100000003249054100,consolidator,4,False,0.785098,100000008121806100 → 100000008346837100 → 100000007593823100 → 100000003249054100
195,chain,1,100000008379273100,transit,8,False,0.687081,100000008379273100 → 100000008346837100 → 100000007593823100 → 100000003249054100
195,chain,2,100000008346837100,coordinator,14,False,0.961321,100000008379273100 → 100000008346837100 → 100000007593823100 → 100000003249054100
195,chain,3,100000007593823100,coordinator,1,False,0.813527,100000008379273100 → 100000008346837100 → 100000007593823100 → 100000003249054100
195,chain,4,100000003249054100,consolidator,4,False,0.785098,100000008379273100 → 100000008346837100 → 100000007593823100 → 100000003249054100
