route_id,kind,hop,src,dst,src_role,dst_role,src_cluster,dst_cluster,sum_kzt,n_tx,path
1,repeated,1,100000008314203100,100000008637537100,peripheral,peripheral,41,41,232000.0,11,100000008314203100 → 100000008637537100 → 100000001732159100
1,repeated,2,100000008637537100,100000001732159100,peripheral,peripheral,41,41,2283100.0,28,100000008314203100 → 100000008637537100 → 100000001732159100
2,repeated,1,100000004400305100,100000007594394100,distributor,consolidator,1,18,130000.0,1,100000004400305100 → 100000007594394100 → 100000006274203100
2,repeated,2,100000007594394100,100000006274203100,consolidator,peripheral,18,18,3376312.0,40,100000004400305100 → 100000007594394100 → 100000006274203100
3,repeated,1,100000006579678100,100000003016635100,peripheral,distributor,5,5,81600.0,1,100000006579678100 → 100000003016635100 → 100000004559194100
3,repeated,2,100000003016635100,100000004559194100,distributor,terminal,5,5,282145.0,6,100000006579678100 → 100000003016635100 → 100000004559194100
4,repeated,1,100000002267998100,100000003701161100,peripheral,peripheral,24,24,850000.0,8,100000002267998100 → 100000003701161100 → 100000003718221100
4,repeated,2,100000003701161100,100000003718221100,peripheral,peripheral,24,24,120000.0,3,100000002267998100 → 100000003701161100 → 100000003718221100
5,repeated,1,100000006866783100,100000008686313100,distributor,peripheral,1,1,225181.0,4,100000006866783100 → 100000008686313100 → 100000002826669100
5,repeated,2,100000008686313100,100000002826669100,peripheral,terminal,1,1,159900.0,4,100000006866783100 → 100000008686313100 → 100000002826669100
6,repeated,1,100000005048668100,100000008603629100,distributor,coordinator,7,7,65000.0,2,100000005048668100 → 100000008603629100 → 100000005830339100
6,repeated,2,100000008603629100,100000005830339100,coordinator,consolidator,7,4,144605.0,5,100000005048668100 → 100000008603629100 → 100000005830339100
7,repeated,1,100000005287097100,100000003016635100,distributor,distributor,5,5,392500.0,25,100000005287097100 → 100000003016635100 → 100000000440392100
7,repeated,2,100000003016635100,100000000440392100,distributor,terminal,5,5,105705.0,4,100000005287097100 → 100000003016635100 → 100000000440392100
8,repeated,1,100000005287097100,100000003016635100,distributor,distributor,5,5,392500.0,25,100000005287097100 → 100000003016635100 → 100000000667713100
8,repeated,2,100000003016635100,100000000667713100,distributor,peripheral,5,5,106745.0,9,100000005287097100 → 100000003016635100 → 100000000667713100
9,repeated,1,100000008571433100,100000004135268100,peripheral,transit,53,53,1064000.0,2,100000008571433100 → 100000004135268100 → 100000004979498100
9,repeated,2,100000004135268100,100000004979498100,transit,peripheral,53,53,700000.0,2,100000008571433100 → 100000004135268100 → 100000004979498100
10,repeated,1,100000003835149100,100000002224132100,peripheral,peripheral,25,25,2900720.0,6,100000003835149100 → 100000002224132100 → 100000000594783100
10,repeated,2,100000002224132100,100000000594783100,peripheral,peripheral,25,25,2635000.0,10,100000003835149100 → 100000002224132100 → 100000000594783100
11,repeated,1,100000001857829100,100000003880331100,coordinator,distributor,7,7,100000.0,1,100000001857829100 → 100000003880331100 → 100000008603629100
11,repeated,2,100000003880331100,100000008603629100,distributor,coordinator,7,7,598000.0,6,100000001857829100 → 100000003880331100 → 100000008603629100
12,repeated,1,100000003718221100,100000002267998100,peripheral,peripheral,24,24,200000.0,1,100000003718221100 → 100000002267998100 → 100000003701161100
12,repeated,2,100000002267998100,100000003701161100,peripheral,peripheral,24,24,850000.0,8,100000003718221100 → 100000002267998100 → 100000003701161100
13,repeated,1,100000001857829100,100000003880331100,coordinator,distributor,7,7,100000.0,1,100000001857829100 → 100000003880331100 → 100000003684369100
13,repeated,2,100000003880331100,100000003684369100,distributor,distributor,7,4,402000.0,4,100000001857829100 → 100000003880331100 → 100000003684369100
14,repeated,1,100000000331309100,100000004906181100,coordinator,peripheral,6,37,100000.0,1,100000000331309100 → 100000004906181100 → 100000008175078100
14,repeated,2,100000004906181100,100000008175078100,peripheral,peripheral,37,37,1846711.0,15,100000000331309100 → 100000004906181100 → 100000008175078100
15,repeated,1,100000005782781100,100000007594394100,peripheral,consolidator,11,18,105000.0,1,100000005782781100 → 100000007594394100 → 100000006274203100
15,repeated,2,100000007594394100,100000006274203100,consolidator,peripheral,18,18,3376312.0,40,100000005782781100 → 100000007594394100 → 100000006274203100
16,repeated,1,100000008517538100,100000008710791100,distributor,distributor,3,3,115000.0,1,100000008517538100 → 100000008710791100 → 100000008561016100
16,repeated,2,100000008710791100,100000008561016100,distributor,transit,3,3,180000.0,2,100000008517538100 → 100000008710791100 → 100000008561016100
17,repeated,1,100000006866783100,100000007055802100,distributor,consolidator,1,1,200000.0,3,100000006866783100 → 100000007055802100 → 100000004299488100
17,repeated,2,100000007055802100,100000004299488100,consolidator,consolidator,1,1,605000.0,7,100000006866783100 → 100000007055802100 → 100000004299488100
18,repeated,1,100000008710791100,100000008561016100,distributor,transit,3,3,180000.0,2,100000008710791100 → 100000008561016100 → 100000001724740100
18,repeated,2,100000008561016100,100000001724740100,transit,peripheral,3,3,185000.0,4,100000008710791100 → 100000008561016100 → 100000001724740100
19,repeated,1,100000003016635100,100000004707703100,distributor,transit,5,5,232300.0,2,100000003016635100 → 100000004707703100 → 100000002335358100
19,repeated,2,100000004707703100,100000002335358100,transit,terminal,5,5,140000.0,2,100000003016635100 → 100000004707703100 → 100000002335358100
20,repeated,1,100000008165763100,100000007594394100,transit,consolidator,4,18,40000.0,1,100000008165763100 → 100000007594394100 → 100000006274203100
20,repeated,2,100000007594394100,100000006274203100,consolidator,peripheral,18,18,3376312.0,40,100000008165763100 → 100000007594394100 → 100000006274203100
21,repeated,1,100000004351795100,100000000437046100,coordinator,coordinator,1,1,542000.0,9,100000004351795100 → 100000000437046100 → 100000003834495100
21,repeated,2,100000000437046100,100000003834495100,coordinator,peripheral,1,1,327441.0,3,100000004351795100 → 100000000437046100 → 100000003834495100
22,repeated,1,100000003016635100,100000006518161100,distributor,transit,5,5,521200.0,8,100000003016635100 → 100000006518161100 → 100000005660203100
22,repeated,2,100000006518161100,100000005660203100,transit,peripheral,5,5,572899.0,12,100000003016635100 → 100000006518161100 → 100000005660203100
23,repeated,1,100000003242289100,100000008304139100,coordinator,distributor,17,4,93570.0,1,100000003242289100 → 100000008304139100 → 100000003684369100
23,repeated,2,100000008304139100,100000003684369100,distributor,distributor,4,4,454000.0,10,100000003242289100 → 100000008304139100 → 100000003684369100
24,repeated,1,100000004390333100,100000000437046100,distributor,coordinator,1,1,100000.0,2,100000004390333100 → 100000000437046100 → 100000007055802100
24,repeated,2,100000000437046100,100000007055802100,coordinator,consolidator,1,1,1015000.0,16,100000004390333100 → 100000000437046100 → 100000007055802100
25,repeated,1,100000008086440100,100000000437046100,transit,coordinator,1,1,41500.0,1,100000008086440100 → 100000000437046100 → 100000007055802100
25,repeated,2,100000000437046100,100000007055802100,coordinator,consolidator,1,1,1015000.0,16,100000008086440100 → 100000000437046100 → 100000007055802100
26,repeated,1,100000005287097100,100000003016635100,distributor,distributor,5,5,392500.0,25,100000005287097100 → 100000003016635100 → 100000004948177100
26,repeated,2,100000003016635100,100000004948177100,distributor,terminal,5,5,341163.0,6,100000005287097100 → 100000003016635100 → 100000004948177100
27,repeated,1,100000004390333100,100000006866783100,distributor,distributor,1,1,60000.0,1,100000004390333100 → 100000006866783100 → 100000007055802100
27,repeated,2,100000006866783100,100000007055802100,distributor,consolidator,1,1,200000.0,3,100000004390333100 → 100000006866783100 → 100000007055802100
28,repeated,1,100000006866783100,100000004299488100,distributor,consolidator,1,1,337000.0,5,100000006866783100 → 100000004299488100 → 100000007055802100
28,repeated,2,100000004299488100,100000007055802100,consolidator,consolidator,1,1,204999.0,9,100000006866783100 → 100000004299488100 → 100000007055802100
29,repeated,1,100000005910114100,100000007629096100,coordinator,consolidator,1,1,97170.0,2,100000005910114100 → 100000007629096100 → 100000002741024100
29,repeated,2,100000007629096100,100000002741024100,consolidator,peripheral,1,1,765205.0,5,100000005910114100 → 100000007629096100 → 100000002741024100
30,repeated,1,100000001857829100,100000008121806100,coordinator,peripheral,7,7,67000.0,1,100000001857829100 → 100000008121806100 → 100000005360814100
30,repeated,2,100000008121806100,100000005360814100,peripheral,peripheral,7,7,144000.0,3,100000001857829100 → 100000008121806100 → 100000005360814100
31,repeated,1,100000005287097100,100000003016635100,distributor,distributor,5,5,392500.0,25,100000005287097100 → 100000003016635100 → 100000006518161100
31,repeated,2,100000003016635100,100000006518161100,distributor,transit,5,5,521200.0,8,100000005287097100 → 100000003016635100 → 100000006518161100
32,repeated,1,100000004351795100,100000000437046100,coordinator,coordinator,1,1,542000.0,9,100000004351795100 → 100000000437046100 → 100000007055802100
32,repeated,2,100000000437046100,100000007055802100,coordinator,consolidator,1,1,1015000.0,16,100000004351795100 → 100000000437046100 → 100000007055802100
33,repeated,1,100000001857829100,100000008603629100,coordinator,coordinator,7,7,26000.0,1,100000001857829100 → 100000008603629100 → 100000005830339100
33,repeated,2,100000008603629100,100000005830339100,coordinator,consolidator,7,4,144605.0,5,100000001857829100 → 100000008603629100 → 100000005830339100
34,repeated,1,100000008686313100,100000008603629100,peripheral,coordinator,1,7,55500.0,2,100000008686313100 → 100000008603629100 → 100000005830339100
34,repeated,2,100000008603629100,100000005830339100,coordinator,consolidator,7,4,144605.0,5,100000008686313100 → 100000008603629100 → 100000005830339100
35,repeated,1,100000004156082100,100000005339662100,coordinator,peripheral,16,16,25164.0,1,100000004156082100 → 100000005339662100 → 100000004820260100
35,repeated,2,100000005339662100,100000004820260100,peripheral,transit,16,16,234200.0,12,100000004156082100 → 100000005339662100 → 100000004820260100
36,repeated,1,100000005910114100,100000006866783100,coordinator,distributor,1,1,241712.0,8,100000005910114100 → 100000006866783100 → 100000004071080100
36,repeated,2,100000006866783100,100000004071080100,distributor,consolidator,1,1,67000.0,4,100000005910114100 → 100000006866783100 → 100000004071080100
37,repeated,1,100000008637537100,100000001732159100,peripheral,peripheral,41,41,2283100.0,28,100000008637537100 → 100000001732159100 → 100000008314203100
37,repeated,2,100000001732159100,100000008314203100,peripheral,peripheral,41,41,322076.0,9,100000008637537100 → 100000001732159100 → 100000008314203100
38,repeated,1,100000008086440100,100000008603629100,transit,coordinator,1,7,63900.0,2,100000008086440100 → 100000008603629100 → 100000005830339100
38,repeated,2,100000008603629100,100000005830339100,coordinator,consolidator,7,4,144605.0,5,100000008086440100 → 100000008603629100 → 100000005830339100
39,repeated,1,100000000437046100,100000008757369100,coordinator,peripheral,1,1,25961.0,1,100000000437046100 → 100000008757369100 → 100000008757301100
39,repeated,2,100000008757369100,100000008757301100,peripheral,peripheral,1,1,58398.0,3,100000000437046100 → 100000008757369100 → 100000008757301100
40,repeated,1,100000008636603100,100000003016635100,peripheral,distributor,5,5,43200.0,2,100000008636603100 → 100000003016635100 → 100000000440392100
40,repeated,2,100000003016635100,100000000440392100,distributor,terminal,5,5,105705.0,4,100000008636603100 → 100000003016635100 → 100000000440392100
41,repeated,1,100000005287097100,100000003016635100,distributor,distributor,5,5,392500.0,25,100000005287097100 → 100000003016635100 → 100000008188026100
41,repeated,2,100000003016635100,100000008188026100,distributor,peripheral,5,16,63358.0,4,100000005287097100 → 100000003016635100 → 100000008188026100
42,repeated,1,100000008603629100,100000004847758100,coordinator,distributor,7,4,25612.0,1,100000008603629100 → 100000004847758100 → 100000003684369100
42,repeated,2,100000004847758100,100000003684369100,distributor,distributor,4,4,56000.0,3,100000008603629100 → 100000004847758100 → 100000003684369100
43,repeated,1,100000001732159100,100000008314203100,peripheral,peripheral,41,41,322076.0,9,100000001732159100 → 100000008314203100 → 100000008637537100
43,repeated,2,100000008314203100,100000008637537100,peripheral,peripheral,41,41,232000.0,11,100000001732159100 → 100000008314203100 → 100000008637537100
44,repeated,1,100000004400305100,100000004070318100,distributor,distributor,1,1,23000.0,1,100000004400305100 → 100000004070318100 → 100000003747133100
44,repeated,2,100000004070318100,100000003747133100,distributor,consolidator,1,48,62964.0,3,100000004400305100 → 100000004070318100 → 100000003747133100
45,repeated,1,100000005287097100,100000003016635100,distributor,distributor,5,5,392500.0,25,100000005287097100 → 100000003016635100 → 100000004394765100
45,repeated,2,100000003016635100,100000004394765100,distributor,peripheral,5,5,451888.0,8,100000005287097100 → 100000003016635100 → 100000004394765100
46,repeated,1,100000008304139100,100000006866783100,distributor,distributor,4,1,144000.0,6,100000008304139100 → 100000006866783100 → 100000000961900100
46,repeated,2,100000006866783100,100000000961900100,distributor,terminal,1,1,27000.0,2,100000008304139100 → 100000006866783100 → 100000000961900100
47,repeated,1,100000001660397100,100000006866783100,transit,distributor,1,1,24000.0,2,100000001660397100 → 100000006866783100 → 100000008686313100
47,repeated,2,100000006866783100,100000008686313100,distributor,peripheral,1,1,225181.0,4,100000001660397100 → 100000006866783100 → 100000008686313100
48,repeated,1,100000008304139100,100000006866783100,distributor,distributor,4,1,144000.0,6,100000008304139100 → 100000006866783100 → 100000008686313100
48,repeated,2,100000006866783100,100000008686313100,distributor,peripheral,1,1,225181.0,4,100000008304139100 → 100000006866783100 → 100000008686313100
49,repeated,1,100000004400305100,100000007593823100,distributor,coordinator,1,1,10000.0,1,100000004400305100 → 100000007593823100 → 100000008730846100
49,repeated,2,100000007593823100,100000008730846100,coordinator,consolidator,1,12,38000.0,3,100000004400305100 → 100000007593823100 → 100000008730846100
50,repeated,1,100000004269433100,100000008418835100,peripheral,peripheral,16,16,1372000.0,67,100000004269433100 → 100000008418835100 → 100000008730021100
50,repeated,2,100000008418835100,100000008730021100,peripheral,terminal,16,16,75555.0,3,100000004269433100 → 100000008418835100 → 100000008730021100
51,repeated,1,100000005268319100,100000002957787100,peripheral,coordinator,1,1,24000.0,3,100000005268319100 → 100000002957787100 → 100000004071080100
51,repeated,2,100000002957787100,100000004071080100,coordinator,consolidator,1,1,15000.0,2,100000005268319100 → 100000002957787100 → 100000004071080100
52,repeated,1,100000001609499100,100000002398779100,peripheral,consolidator,1,1,10000.0,1,100000001609499100 → 100000002398779100 → 100000008576243100
52,repeated,2,100000002398779100,100000008576243100,consolidator,terminal,1,1,66000.0,3,100000001609499100 → 100000002398779100 → 100000008576243100
53,repeated,1,100000004351795100,100000002398779100,coordinator,consolidator,1,1,87100.0,5,100000004351795100 → 100000002398779100 → 100000008576243100
53,repeated,2,100000002398779100,100000008576243100,consolidator,terminal,1,1,66000.0,3,100000004351795100 → 100000002398779100 → 100000008576243100
54,repeated,1,100000004017410100,100000003934614100,peripheral,peripheral,35,35,10000.0,1,100000004017410100 → 100000003934614100 → 100000004336312100
54,repeated,2,100000003934614100,100000004336312100,peripheral,transit,35,35,11500.0,2,100000004017410100 → 100000003934614100 → 100000004336312100
55,chain,1,100000008517538100,100000008710791100,distributor,distributor,3,3,115000.0,1,100000008517538100 → 100000008710791100 → 100000008561016100 → 100000001724740100
55,chain,2,100000008710791100,100000008561016100,distributor,transit,3,3,180000.0,2,100000008517538100 → 100000008710791100 → 100000008561016100 → 100000001724740100
55,chain,3,100000008561016100,100000001724740100,transit,peripheral,3,3,185000.0,4,100000008517538100 → 100000008710791100 → 100000008561016100 → 100000001724740100
56,chain,1,100000008304139100,100000000437046100,distributor,coordinator,4,1,30000.0,1,100000008304139100 → 100000000437046100 → 100000008757369100 → 100000008757301100
56,chain,2,100000000437046100,100000008757369100,coordinator,peripheral,1,1,25961.0,1,100000008304139100 → 100000000437046100 → 100000008757369100 → 100000008757301100
56,chain,3,100000008757369100,100000008757301100,peripheral,peripheral,1,1,58398.0,3,100000008304139100 → 100000000437046100 → 100000008757369100 → 100000008757301100
57,chain,1,100000005048668100,100000008603629100,distributor,coordinator,7,7,65000.0,2,100000005048668100 → 100000008603629100 → 100000004847758100 → 100000003684369100
57,chain,2,100000008603629100,100000004847758100,coordinator,distributor,7,4,25612.0,1,100000005048668100 → 100000008603629100 → 100000004847758100 → 100000003684369100
57,chain,3,100000004847758100,100000003684369100,distributor,distributor,4,4,56000.0,3,100000005048668100 → 100000008603629100 → 100000004847758100 → 100000003684369100
58,chain,1,100000008086440100,100000008603629100,transit,coordinator,1,7,63900.0,2,100000008086440100 → 100000008603629100 → 100000004847758100 → 100000003684369100
58,chain,2,100000008603629100,100000004847758100,coordinator,distributor,7,4,25612.0,1,100000008086440100 → 100000008603629100 → 100000004847758100 → 100000003684369100
58,chain,3,100000004847758100,100000003684369100,distributor,distributor,4,4,56000.0,3,100000008086440100 → 100000008603629100 → 100000004847758100 → 100000003684369100
59,chain,1,100000000437046100,100000001279272100,coordinator,peripheral,1,1,250000.0,1,100000000437046100 → 100000001279272100 → 100000000331309100 → 100000006530134100
59,chain,2,100000001279272100,100000000331309100,peripheral,coordinator,1,6,130000.0,1,100000000437046100 → 100000001279272100 → 100000000331309100 → 100000006530134100
59,chain,3,100000000331309100,100000006530134100,coordinator,terminal,6,6,121240.0,1,100000000437046100 → 100000001279272100 → 100000000331309100 → 100000006530134100
60,chain,1,100000000437046100,100000001279272100,coordinator,peripheral,1,1,250000.0,1,100000000437046100 → 100000001279272100 → 100000000331309100 → 100000003242795100
60,chain,2,100000001279272100,100000000331309100,peripheral,coordinator,1,6,130000.0,1,100000000437046100 → 100000001279272100 → 100000000331309100 → 100000003242795100
60,chain,3,100000000331309100,100000003242795100,coordinator,terminal,6,6,111000.0,1,100000000437046100 → 100000001279272100 → 100000000331309100 → 100000003242795100
61,chain,1,100000002723538100,100000008603629100,distributor,coordinator,7,7,85000.0,2,100000002723538100 → 100000008603629100 → 100000005357705100 → 100000008337304100
61,chain,2,100000008603629100,100000005357705100,coordinator,peripheral,7,7,52595.0,1,100000002723538100 → 100000008603629100 → 100000005357705100 → 100000008337304100
61,chain,3,100000005357705100,100000008337304100,peripheral,peripheral,7,7,105465.0,2,100000002723538100 → 100000008603629100 → 100000005357705100 → 100000008337304100
62,chain,1,100000000437046100,100000001279272100,coordinator,peripheral,1,1,250000.0,1,100000000437046100 → 100000001279272100 → 100000000331309100 → 100000001530983100
62,chain,2,100000001279272100,100000000331309100,peripheral,coordinator,1,6,130000.0,1,100000000437046100 → 100000001279272100 → 100000000331309100 → 100000001530983100
62,chain,3,100000000331309100,100000001530983100,coordinator,distributor,6,5,104000.0,1,100000000437046100 → 100000001279272100 → 100000000331309100 → 100000001530983100
63,chain,1,100000000437046100,100000001279272100,coordinator,peripheral,1,1,250000.0,1,100000000437046100 → 100000001279272100 → 100000000331309100 → 100000004889043100
63,chain,2,100000001279272100,100000000331309100,peripheral,coordinator,1,6,130000.0,1,100000000437046100 → 100000001279272100 → 100000000331309100 → 100000004889043100
63,chain,3,100000000331309100,100000004889043100,coordinator,terminal,6,1,100000.0,1,100000000437046100 → 100000001279272100 → 100000000331309100 → 100000004889043100
64,chain,1,100000000437046100,100000001279272100,coordinator,peripheral,1,1,250000.0,1,100000000437046100 → 100000001279272100 → 100000000331309100 → 100000006734214100
64,chain,2,100000001279272100,100000000331309100,peripheral,coordinator,1,6,130000.0,1,100000000437046100 → 100000001279272100 → 100000000331309100 → 100000006734214100
64,chain,3,100000000331309100,100000006734214100,coordinator,peripheral,6,6,280000.0,3,100000000437046100 → 100000001279272100 → 100000000331309100 → 100000006734214100
65,chain,1,100000001857829100,100000003880331100,coordinator,distributor,7,7,100000.0,1,100000001857829100 → 100000003880331100 → 100000003684369100 → 100000000810551100
65,chain,2,100000003880331100,100000003684369100,distributor,distributor,7,4,402000.0,4,100000001857829100 → 100000003880331100 → 100000003684369100 → 100000000810551100
65,chain,3,100000003684369100,100000000810551100,distributor,peripheral,4,4,100000.0,1,100000001857829100 → 100000003880331100 → 100000003684369100 → 100000000810551100
66,chain,1,100000001857829100,100000003880331100,coordinator,distributor,7,7,100000.0,1,100000001857829100 → 100000003880331100 → 100000008603629100 → 100000008739887100
66,chain,2,100000003880331100,100000008603629100,distributor,coordinator,7,7,598000.0,6,100000001857829100 → 100000003880331100 → 100000008603629100 → 100000008739887100
66,chain,3,100000008603629100,100000008739887100,coordinator,peripheral,7,7,141000.0,2,100000001857829100 → 100000003880331100 → 100000008603629100 → 100000008739887100
67,chain,1,100000008346837100,100000005910114100,coordinator,coordinator,14,1,92009.0,1,100000008346837100 → 100000005910114100 → 100000006866783100 → 100000003102157100
67,chain,2,100000005910114100,100000006866783100,coordinator,distributor,1,1,241712.0,8,100000008346837100 → 100000005910114100 → 100000006866783100 → 100000003102157100
67,chain,3,100000006866783100,100000003102157100,distributor,terminal,1,1,96746.0,2,100000008346837100 → 100000005910114100 → 100000006866783100 → 100000003102157100
68,chain,1,100000001857829100,100000003880331100,coordinator,distributor,7,7,100000.0,1,100000001857829100 → 100000003880331100 → 100000008603629100 → 100000003215448100
68,chain,2,100000003880331100,100000008603629100,distributor,coordinator,7,7,598000.0,6,100000001857829100 → 100000003880331100 → 100000008603629100 → 100000003215448100
68,chain,3,100000008603629100,100000003215448100,coordinator,peripheral,7,7,91309.0,1,100000001857829100 → 100000003880331100 → 100000008603629100 → 100000003215448100
69,chain,1,100000006866783100,100000007055802100,distributor,consolidator,1,1,200000.0,3,100000006866783100 → 100000007055802100 → 100000004299488100 → 100000004674799100
69,chain,2,100000007055802100,100000004299488100,consolidator,consolidator,1,1,605000.0,7,100000006866783100 → 100000007055802100 → 100000004299488100 → 100000004674799100
69,chain,3,100000004299488100,100000004674799100,consolidator,terminal,1,1,140000.0,5,100000006866783100 → 100000007055802100 → 100000004299488100 → 100000004674799100
70,chain,1,100000000437046100,100000001279272100,coordinator,peripheral,1,1,250000.0,1,100000000437046100 → 100000001279272100 → 100000000331309100 → 100000002983879100
70,chain,2,100000001279272100,100000000331309100,peripheral,coordinator,1,6,130000.0,1,100000000437046100 → 100000001279272100 → 100000000331309100 → 100000002983879100
70,chain,3,100000000331309100,100000002983879100,coordinator,terminal,6,4,85950.0,1,100000000437046100 → 100000001279272100 → 100000000331309100 → 100000002983879100
71,chain,1,100000001857829100,100000003880331100,coordinator,distributor,7,7,100000.0,1,100000001857829100 → 100000003880331100 → 100000008603629100 → 100000004217419100
71,chain,2,100000003880331100,100000008603629100,distributor,coordinator,7,7,598000.0,6,100000001857829100 → 100000003880331100 → 100000008603629100 → 100000004217419100
71,chain,3,100000008603629100,100000004217419100,coordinator,peripheral,7,7,80000.0,1,100000001857829100 → 100000003880331100 → 100000008603629100 → 100000004217419100
72,chain,1,100000003796063100,100000000331309100,distributor,coordinator,6,6,233200.0,2,100000003796063100 → 100000000331309100 → 100000004299488100 → 100000007055802100
72,chain,2,100000000331309100,100000004299488100,coordinator,consolidator,6,1,360000.0,3,100000003796063100 → 100000000331309100 → 100000004299488100 → 100000007055802100
72,chain,3,100000004299488100,100000007055802100,consolidator,consolidator,1,1,204999.0,9,100000003796063100 → 100000000331309100 → 100000004299488100 → 100000007055802100
73,chain,1,100000000437046100,100000001279272100,coordinator,peripheral,1,1,250000.0,1,100000000437046100 → 100000001279272100 → 100000000331309100 → 100000003035737100
73,chain,2,100000001279272100,100000000331309100,peripheral,coordinator,1,6,130000.0,1,100000000437046100 → 100000001279272100 → 100000000331309100 → 100000003035737100
73,chain,3,100000000331309100,100000003035737100,coordinator,peripheral,6,6,453600.0,2,100000000437046100 → 100000001279272100 → 100000000331309100 → 100000003035737100
74,chain,1,100000000437046100,100000001279272100,coordinator,peripheral,1,1,250000.0,1,100000000437046100 → 100000001279272100 → 100000000331309100 → 100000001835625100
74,chain,2,100000001279272100,100000000331309100,peripheral,coordinator,1,6,130000.0,1,100000000437046100 → 100000001279272100 → 100000000331309100 → 100000001835625100
74,chain,3,100000000331309100,100000001835625100,coordinator,terminal,6,6,75130.0,1,100000000437046100 → 100000001279272100 → 100000000331309100 → 100000001835625100
75,chain,1,100000004351795100,100000000437046100,coordinator,coordinator,1,1,542000.0,9,100000004351795100 → 100000000437046100 → 100000006165886100 → 100000003834495100
75,chain,2,100000000437046100,100000006165886100,coordinator,peripheral,1,1,80414.0,1,100000004351795100 → 100000000437046100 → 100000006165886100 → 100000003834495100
75,chain,3,100000006165886100,100000003834495100,peripheral,peripheral,1,1,75000.0,1,100000004351795100 → 100000000437046100 → 100000006165886100 → 100000003834495100
76,chain,1,100000001857829100,100000003880331100,coordinator,distributor,7,7,100000.0,1,100000001857829100 → 100000003880331100 → 100000008603629100 → 100000002723538100
76,chain,2,100000003880331100,100000008603629100,distributor,coordinator,7,7,598000.0,6,100000001857829100 → 100000003880331100 → 100000008603629100 → 100000002723538100
76,chain,3,100000008603629100,100000002723538100,coordinator,distributor,7,7,70647.0,1,100000001857829100 → 100000003880331100 → 100000008603629100 → 100000002723538100
77,chain,1,100000000331309100,100000004077081100,coordinator,peripheral,6,4,140000.0,1,100000000331309100 → 100000004077081100 → 100000003684369100 → 100000005079754100
77,chain,2,100000004077081100,100000003684369100,peripheral,distributor,4,4,110000.0,2,100000000331309100 → 100000004077081100 → 100000003684369100 → 100000005079754100
77,chain,3,100000003684369100,100000005079754100,distributor,peripheral,4,4,70000.0,1,100000000331309100 → 100000004077081100 → 100000003684369100 → 100000005079754100
78,chain,1,100000001857829100,100000003880331100,coordinator,distributor,7,7,100000.0,1,100000001857829100 → 100000003880331100 → 100000003684369100 → 100000005079754100
78,chain,2,100000003880331100,100000003684369100,distributor,distributor,7,4,402000.0,4,100000001857829100 → 100000003880331100 → 100000003684369100 → 100000005079754100
78,chain,3,100000003684369100,100000005079754100,distributor,peripheral,4,4,70000.0,1,100000001857829100 → 100000003880331100 → 100000003684369100 → 100000005079754100
79,chain,1,100000003242289100,100000008304139100,coordinator,distributor,17,4,93570.0,1,100000003242289100 → 100000008304139100 → 100000003684369100 → 100000005079754100
79,chain,2,100000008304139100,100000003684369100,distributor,distributor,4,4,454000.0,10,100000003242289100 → 100000008304139100 → 100000003684369100 → 100000005079754100
79,chain,3,100000003684369100,100000005079754100,distributor,peripheral,4,4,70000.0,1,100000003242289100 → 100000008304139100 → 100000003684369100 → 100000005079754100
80,chain,1,100000008748914100,100000000331309100,distributor,coordinator,4,6,242000.0,1,100000008748914100 → 100000000331309100 → 100000004077081100 → 100000003684369100
80,chain,2,100000000331309100,100000004077081100,coordinator,peripheral,6,4,140000.0,1,100000008748914100 → 100000000331309100 → 100000004077081100 → 100000003684369100
80,chain,3,100000004077081100,100000003684369100,peripheral,distributor,4,4,110000.0,2,100000008748914100 → 100000000331309100 → 100000004077081100 → 100000003684369100
81,chain,1,100000000331309100,100000007055802100,coordinator,consolidator,6,1,450000.0,3,100000000331309100 → 100000007055802100 → 100000004299488100 → 100000004674799100
81,chain,2,100000007055802100,100000004299488100,consolidator,consolidator,1,1,605000.0,7,100000000331309100 → 100000007055802100 → 100000004299488100 → 100000004674799100
81,chain,3,100000004299488100,100000004674799100,consolidator,terminal,1,1,140000.0,5,100000000331309100 → 100000007055802100 → 100000004299488100 → 100000004674799100
82,chain,1,100000008632060100,100000004400305100,distributor,distributor,1,1,40000.0,2,100000008632060100 → 100000004400305100 → 100000002645993100 → 100000002398779100
82,chain,2,100000004400305100,100000002645993100,distributor,peripheral,1,1,35650.0,3,100000008632060100 → 100000004400305100 → 100000002645993100 → 100000002398779100
82,chain,3,100000002645993100,100000002398779100,peripheral,consolidator,1,1,54150.0,5,100000008632060100 → 100000004400305100 → 100000002645993100 → 100000002398779100
83,chain,1,100000000331309100,100000004077081100,coordinator,peripheral,6,4,140000.0,1,100000000331309100 → 100000004077081100 → 100000003684369100 → 100000001554432100
83,chain,2,100000004077081100,100000003684369100,peripheral,distributor,4,4,110000.0,2,100000000331309100 → 100000004077081100 → 100000003684369100 → 100000001554432100
83,chain,3,100000003684369100,100000001554432100,distributor,terminal,4,4,53920.0,1,100000000331309100 → 100000004077081100 → 100000003684369100 → 100000001554432100
84,chain,1,100000001857829100,100000003880331100,coordinator,distributor,7,7,100000.0,1,100000001857829100 → 100000003880331100 → 100000003684369100 → 100000001554432100
84,chain,2,100000003880331100,100000003684369100,distributor,distributor,7,4,402000.0,4,100000001857829100 → 100000003880331100 → 100000003684369100 → 100000001554432100
84,chain,3,100000003684369100,100000001554432100,distributor,terminal,4,4,53920.0,1,100000001857829100 → 100000003880331100 → 100000003684369100 → 100000001554432100
85,chain,1,100000003242289100,100000008304139100,coordinator,distributor,17,4,93570.0,1,100000003242289100 → 100000008304139100 → 100000003684369100 → 100000001554432100
85,chain,2,100000008304139100,100000003684369100,distributor,distributor,4,4,454000.0,10,100000003242289100 → 100000008304139100 → 100000003684369100 → 100000001554432100
85,chain,3,100000003684369100,100000001554432100,distributor,terminal,4,4,53920.0,1,100000003242289100 → 100000008304139100 → 100000003684369100 → 100000001554432100
86,chain,1,100000000331309100,100000004077081100,coordinator,peripheral,6,4,140000.0,1,100000000331309100 → 100000004077081100 → 100000003684369100 → 100000003037660100
86,chain,2,100000004077081100,100000003684369100,peripheral,distributor,4,4,110000.0,2,100000000331309100 → 100000004077081100 → 100000003684369100 → 100000003037660100
86,chain,3,100000003684369100,100000003037660100,distributor,terminal,4,4,53000.0,1,100000000331309100 → 100000004077081100 → 100000003684369100 → 100000003037660100
87,chain,1,100000001857829100,100000003880331100,coordinator,distributor,7,7,100000.0,1,100000001857829100 → 100000003880331100 → 100000003684369100 → 100000003037660100
87,chain,2,100000003880331100,100000003684369100,distributor,distributor,7,4,402000.0,4,100000001857829100 → 100000003880331100 → 100000003684369100 → 100000003037660100
87,chain,3,100000003684369100,100000003037660100,distributor,terminal,4,4,53000.0,1,100000001857829100 → 100000003880331100 → 100000003684369100 → 100000003037660100
88,chain,1,100000003242289100,100000008304139100,coordinator,distributor,17,4,93570.0,1,100000003242289100 → 100000008304139100 → 100000003684369100 → 100000003037660100
88,chain,2,100000008304139100,100000003684369100,distributor,distributor,4,4,454000.0,10,100000003242289100 → 100000008304139100 → 100000003684369100 → 100000003037660100
88,chain,3,100000003684369100,100000003037660100,distributor,terminal,4,4,53000.0,1,100000003242289100 → 100000008304139100 → 100000003684369100 → 100000003037660100
89,chain,1,100000008346837100,100000005910114100,coordinator,coordinator,14,1,92009.0,1,100000008346837100 → 100000005910114100 → 100000001857829100 → 100000003899325100
89,chain,2,100000005910114100,100000001857829100,coordinator,coordinator,1,7,49035.0,1,100000008346837100 → 100000005910114100 → 100000001857829100 → 100000003899325100
89,chain,3,100000001857829100,100000003899325100,coordinator,terminal,7,7,50120.0,1,100000008346837100 → 100000005910114100 → 100000001857829100 → 100000003899325100
90,chain,1,100000000331309100,100000004077081100,coordinator,peripheral,6,4,140000.0,1,100000000331309100 → 100000004077081100 → 100000003684369100 → 100000001194266100
90,chain,2,100000004077081100,100000003684369100,peripheral,distributor,4,4,110000.0,2,100000000331309100 → 100000004077081100 → 100000003684369100 → 100000001194266100
90,chain,3,100000003684369100,100000001194266100,distributor,terminal,4,4,50000.0,1,100000000331309100 → 100000004077081100 → 100000003684369100 → 100000001194266100
91,chain,1,100000000331309100,100000004077081100,coordinator,peripheral,6,4,140000.0,1,100000000331309100 → 100000004077081100 → 100000003684369100 → 100000006446271100
91,chain,2,100000004077081100,100000003684369100,peripheral,distributor,4,4,110000.0,2,100000000331309100 → 100000004077081100 → 100000003684369100 → 100000006446271100
91,chain,3,100000003684369100,100000006446271100,distributor,terminal,4,4,50000.0,1,100000000331309100 → 100000004077081100 → 100000003684369100 → 100000006446271100
92,chain,1,100000000331309100,100000004077081100,coordinator,peripheral,6,4,140000.0,1,100000000331309100 → 100000004077081100 → 100000003684369100 → 100000008628231100
92,chain,2,100000004077081100,100000003684369100,peripheral,distributor,4,4,110000.0,2,100000000331309100 → 100000004077081100 → 100000003684369100 → 100000008628231100
92,chain,3,100000003684369100,100000008628231100,distributor,peripheral,4,67,50000.0,1,100000000331309100 → 100000004077081100 → 100000003684369100 → 100000008628231100
93,chain,1,100000001857829100,100000003880331100,coordinator,distributor,7,7,100000.0,1,100000001857829100 → 100000003880331100 → 100000003684369100 → 100000001194266100
93,chain,2,100000003880331100,100000003684369100,distributor,distributor,7,4,402000.0,4,100000001857829100 → 100000003880331100 → 100000003684369100 → 100000001194266100
93,chain,3,100000003684369100,100000001194266100,distributor,terminal,4,4,50000.0,1,100000001857829100 → 100000003880331100 → 100000003684369100 → 100000001194266100
94,chain,1,100000001857829100,100000003880331100,coordinator,distributor,7,7,100000.0,1,100000001857829100 → 100000003880331100 → 100000003684369100 → 100000006446271100
94,chain,2,100000003880331100,100000003684369100,distributor,distributor,7,4,402000.0,4,100000001857829100 → 100000003880331100 → 100000003684369100 → 100000006446271100
94,chain,3,100000003684369100,100000006446271100,distributor,terminal,4,4,50000.0,1,100000001857829100 → 100000003880331100 → 100000003684369100 → 100000006446271100
95,chain,1,100000001857829100,100000003880331100,coordinator,distributor,7,7,100000.0,1,100000001857829100 → 100000003880331100 → 100000003684369100 → 100000008628231100
95,chain,2,100000003880331100,100000003684369100,distributor,distributor,7,4,402000.0,4,100000001857829100 → 100000003880331100 → 100000003684369100 → 100000008628231100
95,chain,3,100000003684369100,100000008628231100,distributor,peripheral,4,67,50000.0,1,100000001857829100 → 100000003880331100 → 100000003684369100 → 100000008628231100
96,chain,1,100000001857829100,100000003880331100,coordinator,distributor,7,7,100000.0,1,100000001857829100 → 100000003880331100 → 100000008731444100 → 100000000288317100
96,chain,2,100000003880331100,100000008731444100,distributor,distributor,7,1,94000.0,1,100000001857829100 → 100000003880331100 → 100000008731444100 → 100000000288317100
96,chain,3,100000008731444100,100000000288317100,distributor,peripheral,1,1,50000.0,1,100000001857829100 → 100000003880331100 → 100000008731444100 → 100000000288317100
97,chain,1,100000003242289100,100000008304139100,coordinator,distributor,17,4,93570.0,1,100000003242289100 → 100000008304139100 → 100000003684369100 → 100000001194266100
97,chain,2,100000008304139100,100000003684369100,distributor,distributor,4,4,454000.0,10,100000003242289100 → 100000008304139100 → 100000003684369100 → 100000001194266100
97,chain,3,100000003684369100,100000001194266100,distributor,terminal,4,4,50000.0,1,100000003242289100 → 100000008304139100 → 100000003684369100 → 100000001194266100
98,chain,1,100000003242289100,100000008304139100,coordinator,distributor,17,4,93570.0,1,100000003242289100 → 100000008304139100 → 100000003684369100 → 100000006446271100
98,chain,2,100000008304139100,100000003684369100,distributor,distributor,4,4,454000.0,10,100000003242289100 → 100000008304139100 → 100000003684369100 → 100000006446271100
98,chain,3,100000003684369100,100000006446271100,distributor,terminal,4,4,50000.0,1,100000003242289100 → 100000008304139100 → 100000003684369100 → 100000006446271100
99,chain,1,100000003242289100,100000008304139100,coordinator,distributor,17,4,93570.0,1,100000003242289100 → 100000008304139100 → 100000003684369100 → 100000008628231100
99,chain,2,100000008304139100,100000003684369100,distributor,distributor,4,4,454000.0,10,100000003242289100 → 100000008304139100 → 100000003684369100 → 100000008628231100
99,chain,3,100000003684369100,100000008628231100,distributor,peripheral,4,67,50000.0,1,100000003242289100 → 100000008304139100 → 100000003684369100 → 100000008628231100
100,chain,1,100000003880331100,100000008603629100,distributor,coordinator,7,7,598000.0,6,100000003880331100 → 100000008603629100 → 100000002723538100 → 100000003071930100
100,chain,2,100000008603629100,100000002723538100,coordinator,distributor,7,7,70647.0,1,100000003880331100 → 100000008603629100 → 100000002723538100 → 100000003071930100
100,chain,3,100000002723538100,100000003071930100,distributor,peripheral,7,3,50000.0,1,100000003880331100 → 100000008603629100 → 100000002723538100 → 100000003071930100
101,chain,1,100000004358004100,100000005612411100,distributor,distributor,4,4,65000.0,1,100000004358004100 → 100000005612411100 → 100000001102676100 → 100000003684369100
101,chain,2,100000005612411100,100000001102676100,distributor,transit,4,4,50000.0,1,100000004358004100 → 100000005612411100 → 100000001102676100 → 100000003684369100
101,chain,3,100000001102676100,100000003684369100,transit,distributor,4,4,50000.0,1,100000004358004100 → 100000005612411100 → 100000001102676100 → 100000003684369100
102,chain,1,100000004400305100,100000005910114100,distributor,coordinator,1,1,93168.0,1,100000004400305100 → 100000005910114100 → 100000008603629100 → 100000000795374100
102,chain,2,100000005910114100,100000008603629100,coordinator,coordinator,1,7,232624.0,8,100000004400305100 → 100000005910114100 → 100000008603629100 → 100000000795374100
102,chain,3,100000008603629100,100000000795374100,coordinator,terminal,7,7,50000.0,1,100000004400305100 → 100000005910114100 → 100000008603629100 → 100000000795374100
103,chain,1,100000008346837100,100000005910114100,coordinator,coordinator,14,1,92009.0,1,100000008346837100 → 100000005910114100 → 100000008603629100 → 100000000795374100
103,chain,2,100000005910114100,100000008603629100,coordinator,coordinator,1,7,232624.0,8,100000008346837100 → 100000005910114100 → 100000008603629100 → 100000000795374100
103,chain,3,100000008603629100,100000000795374100,coordinator,terminal,7,7,50000.0,1,100000008346837100 → 100000005910114100 → 100000008603629100 → 100000000795374100
104,chain,1,100000004351795100,100000000437046100,coordinator,coordinator,1,1,542000.0,9,100000004351795100 → 100000000437046100 → 100000005610717100 → 100000008469048100
104,chain,2,100000000437046100,100000005610717100,coordinator,consolidator,1,1,128200.0,3,100000004351795100 → 100000000437046100 → 100000005610717100 → 100000008469048100
104,chain,3,100000005610717100,100000008469048100,consolidator,peripheral,1,1,265200.0,7,100000004351795100 → 100000000437046100 → 100000005610717100 → 100000008469048100
105,chain,1,100000004400305100,100000005910114100,distributor,coordinator,1,1,93168.0,1,100000004400305100 → 100000005910114100 → 100000007629096100 → 100000002741024100
105,chain,2,100000005910114100,100000007629096100,coordinator,consolidator,1,1,97170.0,2,100000004400305100 → 100000005910114100 → 100000007629096100 → 100000002741024100
105,chain,3,100000007629096100,100000002741024100,consolidator,peripheral,1,1,765205.0,5,100000004400305100 → 100000005910114100 → 100000007629096100 → 100000002741024100
106,chain,1,100000004351795100,100000008512552100,coordinator,peripheral,1,17,246100.0,4,100000004351795100 → 100000008512552100 → 100000003242289100 → 100000002301828100
106,chain,2,100000008512552100,100000003242289100,peripheral,coordinator,17,17,468791.0,6,100000004351795100 → 100000008512552100 → 100000003242289100 → 100000002301828100
106,chain,3,100000003242289100,100000002301828100,coordinator,terminal,17,17,46977.0,1,100000004351795100 → 100000008512552100 → 100000003242289100 → 100000002301828100
107,chain,1,100000003242289100,100000008304139100,coordinator,distributor,17,4,93570.0,1,100000003242289100 → 100000008304139100 → 100000008603629100 → 100000000534581100
107,chain,2,100000008304139100,100000008603629100,distributor,coordinator,4,7,159000.0,4,100000003242289100 → 100000008304139100 → 100000008603629100 → 100000000534581100
107,chain,3,100000008603629100,100000000534581100,coordinator,peripheral,7,7,46972.0,1,100000003242289100 → 100000008304139100 → 100000008603629100 → 100000000534581100
108,chain,1,100000003242289100,100000008304139100,coordinator,distributor,17,4,93570.0,1,100000003242289100 → 100000008304139100 → 100000003684369100 → 100000003877908100
108,chain,2,100000008304139100,100000003684369100,distributor,distributor,4,4,454000.0,10,100000003242289100 → 100000008304139100 → 100000003684369100 → 100000003877908100
108,chain,3,100000003684369100,100000003877908100,distributor,terminal,4,4,40000.0,1,100000003242289100 → 100000008304139100 → 100000003684369100 → 100000003877908100
109,chain,1,100000004390333100,100000006866783100,distributor,distributor,1,1,60000.0,1,100000004390333100 → 100000006866783100 → 100000005584222100 → 100000001382002100
109,chain,2,100000006866783100,100000005584222100,distributor,peripheral,1,1,136217.0,3,100000004390333100 → 100000006866783100 → 100000005584222100 → 100000001382002100
109,chain,3,100000005584222100,100000001382002100,peripheral,transit,1,1,55000.0,2,100000004390333100 → 100000006866783100 → 100000005584222100 → 100000001382002100
110,chain,1,100000005612411100,100000001102676100,distributor,transit,4,4,50000.0,1,100000005612411100 → 100000001102676100 → 100000003684369100 → 100000003877908100
110,chain,2,100000001102676100,100000003684369100,transit,distributor,4,4,50000.0,1,100000005612411100 → 100000001102676100 → 100000003684369100 → 100000003877908100
110,chain,3,100000003684369100,100000003877908100,distributor,terminal,4,4,40000.0,1,100000005612411100 → 100000001102676100 → 100000003684369100 → 100000003877908100
111,chain,1,100000003242289100,100000008304139100,coordinator,distributor,17,4,93570.0,1,100000003242289100 → 100000008304139100 → 100000003684369100 → 100000007274584100
111,chain,2,100000008304139100,100000003684369100,distributor,distributor,4,4,454000.0,10,100000003242289100 → 100000008304139100 → 100000003684369100 → 100000007274584100
111,chain,3,100000003684369100,100000007274584100,distributor,terminal,4,4,38000.0,1,100000003242289100 → 100000008304139100 → 100000003684369100 → 100000007274584100
112,chain,1,100000005612411100,100000001102676100,distributor,transit,4,4,50000.0,1,100000005612411100 → 100000001102676100 → 100000003684369100 → 100000007274584100
112,chain,2,100000001102676100,100000003684369100,transit,distributor,4,4,50000.0,1,100000005612411100 → 100000001102676100 → 100000003684369100 → 100000007274584100
112,chain,3,100000003684369100,100000007274584100,distributor,terminal,4,4,38000.0,1,100000005612411100 → 100000001102676100 → 100000003684369100 → 100000007274584100
113,chain,1,100000004351795100,100000008512552100,coordinator,peripheral,1,17,246100.0,4,100000004351795100 → 100000008512552100 → 100000003242289100 → 100000003109805100
113,chain,2,100000008512552100,100000003242289100,peripheral,coordinator,17,17,468791.0,6,100000004351795100 → 100000008512552100 → 100000003242289100 → 100000003109805100
113,chain,3,100000003242289100,100000003109805100,coordinator,terminal,17,17,36929.0,1,100000004351795100 → 100000008512552100 → 100000003242289100 → 100000003109805100
114,chain,1,100000002306369100,100000008111003100,peripheral,consolidator,4,1,51000.0,1,100000002306369100 → 100000008111003100 → 100000003796063100 → 100000008172352100
114,chain,2,100000008111003100,100000003796063100,consolidator,distributor,1,6,35000.0,1,100000002306369100 → 100000008111003100 → 100000003796063100 → 100000008172352100
114,chain,3,100000003796063100,100000008172352100,distributor,peripheral,6,33,35500.0,1,100000002306369100 → 100000008111003100 → 100000003796063100 → 100000008172352100
115,chain,1,100000000437046100,100000007055802100,coordinator,consolidator,1,1,1015000.0,16,100000000437046100 → 100000007055802100 → 100000004299488100 → 100000004674799100
115,chain,2,100000007055802100,100000004299488100,consolidator,consolidator,1,1,605000.0,7,100000000437046100 → 100000007055802100 → 100000004299488100 → 100000004674799100
115,chain,3,100000004299488100,100000004674799100,consolidator,terminal,1,1,140000.0,5,100000000437046100 → 100000007055802100 → 100000004299488100 → 100000004674799100
116,chain,1,100000007639767100,100000004400305100,distributor,distributor,1,1,10000.0,1,100000007639767100 → 100000004400305100 → 100000002645993100 → 100000002398779100
116,chain,2,100000004400305100,100000002645993100,distributor,peripheral,1,1,35650.0,3,100000007639767100 → 100000004400305100 → 100000002645993100 → 100000002398779100
116,chain,3,100000002645993100,100000002398779100,peripheral,consolidator,1,1,54150.0,5,100000007639767100 → 100000004400305100 → 100000002645993100 → 100000002398779100
117,chain,1,100000008466579100,100000008489922100,distributor,coordinator,3,3,123000.0,3,100000008466579100 → 100000008489922100 → 100000008547948100 → 100000002529880100
117,chain,2,100000008489922100,100000008547948100,coordinator,coordinator,3,3,30000.0,1,100000008466579100 → 100000008489922100 → 100000008547948100 → 100000002529880100
117,chain,3,100000008547948100,100000002529880100,coordinator,terminal,3,3,27000.0,1,100000008466579100 → 100000008489922100 → 100000008547948100 → 100000002529880100
118,chain,1,100000005041905100,100000002578405100,peripheral,distributor,2,2,1080351.0,5,100000005041905100 → 100000002578405100 → 100000008493007100 → 100000005685783100
118,chain,2,100000002578405100,100000008493007100,distributor,transit,2,2,26150.0,1,100000005041905100 → 100000002578405100 → 100000008493007100 → 100000005685783100
118,chain,3,100000008493007100,100000005685783100,transit,peripheral,2,2,26150.0,1,100000005041905100 → 100000002578405100 → 100000008493007100 → 100000005685783100
119,chain,1,100000003016635100,100000005339662100,distributor,peripheral,5,16,26925.0,1,100000003016635100 → 100000005339662100 → 100000000343175100 → 100000002941114100
119,chain,2,100000005339662100,100000000343175100,peripheral,distributor,16,12,28100.0,1,100000003016635100 → 100000005339662100 → 100000000343175100 → 100000002941114100
119,chain,3,100000000343175100,100000002941114100,distributor,peripheral,12,12,25000.0,1,100000003016635100 → 100000005339662100 → 100000000343175100 → 100000002941114100
120,chain,1,100000003016635100,100000005339662100,distributor,peripheral,5,16,26925.0,1,100000003016635100 → 100000005339662100 → 100000000343175100 → 100000004105288100
120,chain,2,100000005339662100,100000000343175100,peripheral,distributor,16,12,28100.0,1,100000003016635100 → 100000005339662100 → 100000000343175100 → 100000004105288100
120,chain,3,100000000343175100,100000004105288100,distributor,terminal,12,4,25000.0,1,100000003016635100 → 100000005339662100 → 100000000343175100 → 100000004105288100
121,chain,1,100000003242289100,100000008304139100,coordinator,distributor,17,4,93570.0,1,100000003242289100 → 100000008304139100 → 100000008603629100 → 100000005830339100
121,chain,2,100000008304139100,100000008603629100,distributor,coordinator,4,7,159000.0,4,100000003242289100 → 100000008304139100 → 100000008603629100 → 100000005830339100
121,chain,3,100000008603629100,100000005830339100,coordinator,consolidator,7,4,144605.0,5,100000003242289100 → 100000008304139100 → 100000008603629100 → 100000005830339100
122,chain,1,100000006866783100,100000004070318100,distributor,distributor,1,1,64725.0,2,100000006866783100 → 100000004070318100 → 100000008346837100 → 100000003724440100
122,chain,2,100000004070318100,100000008346837100,distributor,coordinator,1,14,60059.0,4,100000006866783100 → 100000004070318100 → 100000008346837100 → 100000003724440100
122,chain,3,100000008346837100,100000003724440100,coordinator,terminal,14,4,25000.0,1,100000006866783100 → 100000004070318100 → 100000008346837100 → 100000003724440100
123,chain,1,100000004351795100,100000008512552100,coordinator,peripheral,1,17,246100.0,4,100000004351795100 → 100000008512552100 → 100000003242289100 → 100000004140487100
123,chain,2,100000008512552100,100000003242289100,peripheral,coordinator,17,17,468791.0,6,100000004351795100 → 100000008512552100 → 100000003242289100 → 100000004140487100
123,chain,3,100000003242289100,100000004140487100,coordinator,distributor,17,4,24510.0,1,100000004351795100 → 100000008512552100 → 100000003242289100 → 100000004140487100
124,chain,1,100000008111003100,100000003796063100,consolidator,distributor,1,6,35000.0,1,100000008111003100 → 100000003796063100 → 100000008172352100 → 100000007322059100
124,chain,2,100000003796063100,100000008172352100,distributor,peripheral,6,33,35500.0,1,100000008111003100 → 100000003796063100 → 100000008172352100 → 100000007322059100
124,chain,3,100000008172352100,100000007322059100,peripheral,peripheral,33,33,24000.0,1,100000008111003100 → 100000003796063100 → 100000008172352100 → 100000007322059100
125,chain,1,100000000089154100,100000006866783100,distributor,distributor,1,1,22000.0,1,100000000089154100 → 100000006866783100 → 100000004299488100 → 100000007055802100
125,chain,2,100000006866783100,100000004299488100,distributor,consolidator,1,1,337000.0,5,100000000089154100 → 100000006866783100 → 100000004299488100 → 100000007055802100
125,chain,3,100000004299488100,100000007055802100,consolidator,consolidator,1,1,204999.0,9,100000000089154100 → 100000006866783100 → 100000004299488100 → 100000007055802100
126,chain,1,100000002267998100,100000003701161100,peripheral,peripheral,24,24,850000.0,8,100000002267998100 → 100000003701161100 → 100000003718221100 → 100000005974542100
126,chain,2,100000003701161100,100000003718221100,peripheral,peripheral,24,24,120000.0,3,100000002267998100 → 100000003701161100 → 100000003718221100 → 100000005974542100
126,chain,3,100000003718221100,100000005974542100,peripheral,terminal,24,24,94500.0,3,100000002267998100 → 100000003701161100 → 100000003718221100 → 100000005974542100
127,chain,1,100000003796063100,100000006866783100,distributor,distributor,6,1,67500.0,2,100000003796063100 → 100000006866783100 → 100000004299488100 → 100000007055802100
127,chain,2,100000006866783100,100000004299488100,distributor,consolidator,1,1,337000.0,5,100000003796063100 → 100000006866783100 → 100000004299488100 → 100000007055802100
127,chain,3,100000004299488100,100000007055802100,consolidator,consolidator,1,1,204999.0,9,100000003796063100 → 100000006866783100 → 100000004299488100 → 100000007055802100
128,chain,1,100000005048668100,100000008603629100,distributor,coordinator,7,7,65000.0,2,100000005048668100 → 100000008603629100 → 100000004847758100 → 100000004071080100
128,chain,2,100000008603629100,100000004847758100,coordinator,distributor,7,4,25612.0,1,100000005048668100 → 100000008603629100 → 100000004847758100 → 100000004071080100
128,chain,3,100000004847758100,100000004071080100,distributor,consolidator,4,1,50600.0,2,100000005048668100 → 100000008603629100 → 100000004847758100 → 100000004071080100
129,chain,1,100000008086440100,100000008603629100,transit,coordinator,1,7,63900.0,2,100000008086440100 → 100000008603629100 → 100000004847758100 → 100000004071080100
129,chain,2,100000008603629100,100000004847758100,coordinator,distributor,7,4,25612.0,1,100000008086440100 → 100000008603629100 → 100000004847758100 → 100000004071080100
129,chain,3,100000004847758100,100000004071080100,distributor,consolidator,4,1,50600.0,2,100000008086440100 → 100000008603629100 → 100000004847758100 → 100000004071080100
130,chain,1,100000008636603100,100000003016635100,peripheral,distributor,5,5,43200.0,2,100000008636603100 → 100000003016635100 → 100000006069103100 → 100000006787636100
130,chain,2,100000003016635100,100000006069103100,distributor,transit,5,55,29118.0,1,100000008636603100 → 100000003016635100 → 100000006069103100 → 100000006787636100
130,chain,3,100000006069103100,100000006787636100,transit,terminal,55,55,20000.0,1,100000008636603100 → 100000003016635100 → 100000006069103100 → 100000006787636100
131,chain,1,100000008686313100,100000006866783100,peripheral,distributor,1,1,48100.0,2,100000008686313100 → 100000006866783100 → 100000004299488100 → 100000007055802100
131,chain,2,100000006866783100,100000004299488100,distributor,consolidator,1,1,337000.0,5,100000008686313100 → 100000006866783100 → 100000004299488100 → 100000007055802100
131,chain,3,100000004299488100,100000007055802100,consolidator,consolidator,1,1,204999.0,9,100000008686313100 → 100000006866783100 → 100000004299488100 → 100000007055802100
132,chain,1,100000004400305100,100000004070318100,distributor,distributor,1,1,23000.0,1,100000004400305100 → 100000004070318100 → 100000006866783100 → 100000001660397100
132,chain,2,100000004070318100,100000006866783100,distributor,distributor,1,1,85000.0,4,100000004400305100 → 100000004070318100 → 100000006866783100 → 100000001660397100
132,chain,3,100000006866783100,100000001660397100,distributor,transit,1,1,19300.0,1,100000004400305100 → 100000004070318100 → 100000006866783100 → 100000001660397100
133,chain,1,100000003796063100,100000006866783100,distributor,distributor,6,1,67500.0,2,100000003796063100 → 100000006866783100 → 100000008443341100 → 100000008477350100
133,chain,2,100000006866783100,100000008443341100,distributor,peripheral,1,13,24500.0,1,100000003796063100 → 100000006866783100 → 100000008443341100 → 100000008477350100
133,chain,3,100000008443341100,100000008477350100,peripheral,coordinator,13,1,17000.0,1,100000003796063100 → 100000006866783100 → 100000008443341100 → 100000008477350100
134,chain,1,100000004351795100,100000003242289100,coordinator,coordinator,1,17,49000.0,1,100000004351795100 → 100000003242289100 → 100000004140487100 → 100000003249054100
134,chain,2,100000003242289100,100000004140487100,coordinator,distributor,17,4,24510.0,1,100000004351795100 → 100000003242289100 → 100000004140487100 → 100000003249054100
134,chain,3,100000004140487100,100000003249054100,distributor,consolidator,4,4,32800.0,3,100000004351795100 → 100000003242289100 → 100000004140487100 → 100000003249054100
135,chain,1,100000005910114100,100000006866783100,coordinator,distributor,1,1,241712.0,8,100000005910114100 → 100000006866783100 → 100000008443341100 → 100000008477350100
135,chain,2,100000006866783100,100000008443341100,distributor,peripheral,1,13,24500.0,1,100000005910114100 → 100000006866783100 → 100000008443341100 → 100000008477350100
135,chain,3,100000008443341100,100000008477350100,peripheral,coordinator,13,1,17000.0,1,100000005910114100 → 100000006866783100 → 100000008443341100 → 100000008477350100
136,chain,1,100000008304139100,100000006866783100,distributor,distributor,4,1,144000.0,6,100000008304139100 → 100000006866783100 → 100000008443341100 → 100000008477350100
136,chain,2,100000006866783100,100000008443341100,distributor,peripheral,1,13,24500.0,1,100000008304139100 → 100000006866783100 → 100000008443341100 → 100000008477350100
136,chain,3,100000008443341100,100000008477350100,peripheral,coordinator,13,1,17000.0,1,100000008304139100 → 100000006866783100 → 100000008443341100 → 100000008477350100
137,chain,1,100000008512552100,100000003242289100,peripheral,coordinator,17,17,468791.0,6,100000008512552100 → 100000003242289100 → 100000004140487100 → 100000003249054100
137,chain,2,100000003242289100,100000004140487100,coordinator,distributor,17,4,24510.0,1,100000008512552100 → 100000003242289100 → 100000004140487100 → 100000003249054100
137,chain,3,100000004140487100,100000003249054100,distributor,consolidator,4,4,32800.0,3,100000008512552100 → 100000003242289100 → 100000004140487100 → 100000003249054100
138,chain,1,100000006866783100,100000008443341100,distributor,peripheral,1,13,24500.0,1,100000006866783100 → 100000008443341100 → 100000008477350100 → 100000007639767100
138,chain,2,100000008443341100,100000008477350100,peripheral,coordinator,13,1,17000.0,1,100000006866783100 → 100000008443341100 → 100000008477350100 → 100000007639767100
138,chain,3,100000008477350100,100000007639767100,coordinator,distributor,1,1,16305.0,1,100000006866783100 → 100000008443341100 → 100000008477350100 → 100000007639767100
139,chain,1,100000003796063100,100000008172352100,distributor,peripheral,6,33,35500.0,1,100000003796063100 → 100000008172352100 → 100000007322059100 → 100000004552204100
139,chain,2,100000008172352100,100000007322059100,peripheral,peripheral,33,33,24000.0,1,100000003796063100 → 100000008172352100 → 100000007322059100 → 100000004552204100
139,chain,3,100000007322059100,100000004552204100,peripheral,peripheral,33,33,22500.0,2,100000003796063100 → 100000008172352100 → 100000007322059100 → 100000004552204100
140,chain,1,100000004358004100,100000008172352100,distributor,peripheral,4,33,43000.0,1,100000004358004100 → 100000008172352100 → 100000007322059100 → 100000004552204100
140,chain,2,100000008172352100,100000007322059100,peripheral,peripheral,33,33,24000.0,1,100000004358004100 → 100000008172352100 → 100000007322059100 → 100000004552204100
140,chain,3,100000007322059100,100000004552204100,peripheral,peripheral,33,33,22500.0,2,100000004358004100 → 100000008172352100 → 100000007322059100 → 100000004552204100
141,chain,1,100000008603629100,100000004847758100,coordinator,distributor,7,4,25612.0,1,100000008603629100 → 100000004847758100 → 100000003684369100 → 100000005093521100
141,chain,2,100000004847758100,100000003684369100,distributor,distributor,4,4,56000.0,3,100000008603629100 → 100000004847758100 → 100000003684369100 → 100000005093521100
141,chain,3,100000003684369100,100000005093521100,distributor,terminal,4,4,15200.0,1,100000008603629100 → 100000004847758100 → 100000003684369100 → 100000005093521100
142,chain,1,100000002723538100,100000008603629100,distributor,coordinator,7,7,85000.0,2,100000002723538100 → 100000008603629100 → 100000007197866100 → 100000004379306100
142,chain,2,100000008603629100,100000007197866100,coordinator,peripheral,7,7,20000.0,1,100000002723538100 → 100000008603629100 → 100000007197866100 → 100000004379306100
142,chain,3,100000007197866100,100000004379306100,peripheral,peripheral,7,7,15000.0,1,100000002723538100 → 100000008603629100 → 100000007197866100 → 100000004379306100
143,chain,1,100000003968044100,100000008603629100,peripheral,coordinator,7,7,96000.0,2,100000003968044100 → 100000008603629100 → 100000007197866100 → 100000004379306100
143,chain,2,100000008603629100,100000007197866100,coordinator,peripheral,7,7,20000.0,1,100000003968044100 → 100000008603629100 → 100000007197866100 → 100000004379306100
143,chain,3,100000007197866100,100000004379306100,peripheral,peripheral,7,7,15000.0,1,100000003968044100 → 100000008603629100 → 100000007197866100 → 100000004379306100
144,chain,1,100000004400305100,100000004070318100,distributor,distributor,1,1,23000.0,1,100000004400305100 → 100000004070318100 → 100000006866783100 → 100000003235780100
144,chain,2,100000004070318100,100000006866783100,distributor,distributor,1,1,85000.0,4,100000004400305100 → 100000004070318100 → 100000006866783100 → 100000003235780100
144,chain,3,100000006866783100,100000003235780100,distributor,terminal,1,1,15000.0,1,100000004400305100 → 100000004070318100 → 100000006866783100 → 100000003235780100
145,chain,1,100000005287097100,100000003016635100,distributor,distributor,5,5,392500.0,25,100000005287097100 → 100000003016635100 → 100000000667713100 → 100000002481735100
145,chain,2,100000003016635100,100000000667713100,distributor,peripheral,5,5,106745.0,9,100000005287097100 → 100000003016635100 → 100000000667713100 → 100000002481735100
145,chain,3,100000000667713100,100000002481735100,peripheral,terminal,5,5,22436.0,2,100000005287097100 → 100000003016635100 → 100000000667713100 → 100000002481735100
146,chain,1,100000005339662100,100000000343175100,peripheral,distributor,16,12,28100.0,1,100000005339662100 → 100000000343175100 → 100000002941114100 → 100000005168487100
146,chain,2,100000000343175100,100000002941114100,distributor,peripheral,12,12,25000.0,1,100000005339662100 → 100000000343175100 → 100000002941114100 → 100000005168487100
146,chain,3,100000002941114100,100000005168487100,peripheral,peripheral,12,12,15000.0,1,100000005339662100 → 100000000343175100 → 100000002941114100 → 100000005168487100
147,chain,1,100000005910114100,100000006866783100,coordinator,distributor,1,1,241712.0,8,100000005910114100 → 100000006866783100 → 100000004737477100 → 100000003831201100
147,chain,2,100000006866783100,100000004737477100,distributor,transit,1,1,30127.0,2,100000005910114100 → 100000006866783100 → 100000004737477100 → 100000003831201100
147,chain,3,100000004737477100,100000003831201100,transit,terminal,1,1,40500.0,3,100000005910114100 → 100000006866783100 → 100000004737477100 → 100000003831201100
148,chain,1,100000005910114100,100000006866783100,coordinator,distributor,1,1,241712.0,8,100000005910114100 → 100000006866783100 → 100000004847758100 → 100000002398779100
148,chain,2,100000006866783100,100000004847758100,distributor,distributor,1,4,18775.0,1,100000005910114100 → 100000006866783100 → 100000004847758100 → 100000002398779100
148,chain,3,100000004847758100,100000002398779100,distributor,consolidator,4,1,15000.0,1,100000005910114100 → 100000006866783100 → 100000004847758100 → 100000002398779100
149,chain,1,100000005910114100,100000006866783100,coordinator,distributor,1,1,241712.0,8,100000005910114100 → 100000006866783100 → 100000008304139100 → 100000005942793100
149,chain,2,100000006866783100,100000008304139100,distributor,distributor,1,4,23567.0,1,100000005910114100 → 100000006866783100 → 100000008304139100 → 100000005942793100
149,chain,3,100000008304139100,100000005942793100,distributor,consolidator,4,1,15000.0,1,100000005910114100 → 100000006866783100 → 100000008304139100 → 100000005942793100
150,chain,1,100000005910114100,100000008603629100,coordinator,coordinator,1,7,232624.0,8,100000005910114100 → 100000008603629100 → 100000007197866100 → 100000004379306100
150,chain,2,100000008603629100,100000007197866100,coordinator,peripheral,7,7,20000.0,1,100000005910114100 → 100000008603629100 → 100000007197866100 → 100000004379306100
150,chain,3,100000007197866100,100000004379306100,peripheral,peripheral,7,7,15000.0,1,100000005910114100 → 100000008603629100 → 100000007197866100 → 100000004379306100
151,chain,1,100000008304139100,100000006866783100,distributor,distributor,4,1,144000.0,6,100000008304139100 → 100000006866783100 → 100000004737477100 → 100000003831201100
151,chain,2,100000006866783100,100000004737477100,distributor,transit,1,1,30127.0,2,100000008304139100 → 100000006866783100 → 100000004737477100 → 100000003831201100
151,chain,3,100000004737477100,100000003831201100,transit,terminal,1,1,40500.0,3,100000008304139100 → 100000006866783100 → 100000004737477100 → 100000003831201100
152,chain,1,100000008304139100,100000006866783100,distributor,distributor,4,1,144000.0,6,100000008304139100 → 100000006866783100 → 100000004847758100 → 100000002398779100
152,chain,2,100000006866783100,100000004847758100,distributor,distributor,1,4,18775.0,1,100000008304139100 → 100000006866783100 → 100000004847758100 → 100000002398779100
152,chain,3,100000004847758100,100000002398779100,distributor,consolidator,4,1,15000.0,1,100000008304139100 → 100000006866783100 → 100000004847758100 → 100000002398779100
153,chain,1,100000008636603100,100000003016635100,peripheral,distributor,5,5,43200.0,2,100000008636603100 → 100000003016635100 → 100000000667713100 → 100000002481735100
153,chain,2,100000003016635100,100000000667713100,distributor,peripheral,5,5,106745.0,9,100000008636603100 → 100000003016635100 → 100000000667713100 → 100000002481735100
153,chain,3,100000000667713100,100000002481735100,peripheral,terminal,5,5,22436.0,2,100000008636603100 → 100000003016635100 → 100000000667713100 → 100000002481735100
154,chain,1,100000008632060100,100000004400305100,distributor,distributor,1,1,40000.0,2,100000008632060100 → 100000004400305100 → 100000002645993100 → 100000008413748100
154,chain,2,100000004400305100,100000002645993100,distributor,peripheral,1,1,35650.0,3,100000008632060100 → 100000004400305100 → 100000002645993100 → 100000008413748100
154,chain,3,100000002645993100,100000008413748100,peripheral,distributor,1,17,13480.0,1,100000008632060100 → 100000004400305100 → 100000002645993100 → 100000008413748100
155,chain,1,100000005910114100,100000006866783100,coordinator,distributor,1,1,241712.0,8,100000005910114100 → 100000006866783100 → 100000008304139100 → 100000005782781100
155,chain,2,100000006866783100,100000008304139100,distributor,distributor,1,4,23567.0,1,100000005910114100 → 100000006866783100 → 100000008304139100 → 100000005782781100
155,chain,3,100000008304139100,100000005782781100,distributor,peripheral,4,11,38000.0,2,100000005910114100 → 100000006866783100 → 100000008304139100 → 100000005782781100
156,chain,1,100000004400305100,100000004070318100,distributor,distributor,1,1,23000.0,1,100000004400305100 → 100000004070318100 → 100000006866783100 → 100000008686313100
156,chain,2,100000004070318100,100000006866783100,distributor,distributor,1,1,85000.0,4,100000004400305100 → 100000004070318100 → 100000006866783100 → 100000008686313100
156,chain,3,100000006866783100,100000008686313100,distributor,peripheral,1,1,225181.0,4,100000004400305100 → 100000004070318100 → 100000006866783100 → 100000008686313100
157,chain,1,100000001857829100,100000008603629100,coordinator,coordinator,7,7,26000.0,1,100000001857829100 → 100000008603629100 → 100000006641671100 → 100000008097580100
157,chain,2,100000008603629100,100000006641671100,coordinator,transit,7,7,13000.0,1,100000001857829100 → 100000008603629100 → 100000006641671100 → 100000008097580100
157,chain,3,100000006641671100,100000008097580100,transit,terminal,7,7,25000.0,3,100000001857829100 → 100000008603629100 → 100000006641671100 → 100000008097580100
158,chain,1,100000003016635100,100000005287097100,distributor,distributor,5,5,110723.0,4,100000003016635100 → 100000005287097100 → 100000004150593100 → 100000003896956100
158,chain,2,100000005287097100,100000004150593100,distributor,distributor,5,5,57000.0,2,100000003016635100 → 100000005287097100 → 100000004150593100 → 100000003896956100
158,chain,3,100000004150593100,100000003896956100,distributor,peripheral,5,5,10000.0,1,100000003016635100 → 100000005287097100 → 100000004150593100 → 100000003896956100
159,chain,1,100000003360542100,100000003115284100,peripheral,consolidator,12,12,30500.0,3,100000003360542100 → 100000003115284100 → 100000003390036100 → 100000005873152100
159,chain,2,100000003115284100,100000003390036100,consolidator,peripheral,12,12,210000.0,2,100000003360542100 → 100000003115284100 → 100000003390036100 → 100000005873152100
159,chain,3,100000003390036100,100000005873152100,peripheral,transit,12,12,10000.0,1,100000003360542100 → 100000003115284100 → 100000003390036100 → 100000005873152100
160,chain,1,100000005665181100,100000004475818100,distributor,peripheral,6,6,13000.0,1,100000005665181100 → 100000004475818100 → 100000008172352100 → 100000002628146100
160,chain,2,100000004475818100,100000008172352100,peripheral,peripheral,6,33,11765.0,1,100000005665181100 → 100000004475818100 → 100000008172352100 → 100000002628146100
160,chain,3,100000008172352100,100000002628146100,peripheral,terminal,33,33,30500.0,2,100000005665181100 → 100000004475818100 → 100000008172352100 → 100000002628146100
161,chain,1,100000005873152100,100000003360542100,transit,peripheral,12,12,10000.0,1,100000005873152100 → 100000003360542100 → 100000003115284100 → 100000003390036100
161,chain,2,100000003360542100,100000003115284100,peripheral,consolidator,12,12,30500.0,3,100000005873152100 → 100000003360542100 → 100000003115284100 → 100000003390036100
161,chain,3,100000003115284100,100000003390036100,consolidator,peripheral,12,12,210000.0,2,100000005873152100 → 100000003360542100 → 100000003115284100 → 100000003390036100
162,chain,1,100000007639767100,100000004400305100,distributor,distributor,1,1,10000.0,1,100000007639767100 → 100000004400305100 → 100000005186131100 → 100000006171671100
162,chain,2,100000004400305100,100000005186131100,distributor,transit,1,1,10000.0,1,100000007639767100 → 100000004400305100 → 100000005186131100 → 100000006171671100
162,chain,3,100000005186131100,100000006171671100,transit,peripheral,1,1,10000.0,1,100000007639767100 → 100000004400305100 → 100000005186131100 → 100000006171671100
163,chain,1,100000008632060100,100000004400305100,distributor,distributor,1,1,40000.0,2,100000008632060100 → 100000004400305100 → 100000005186131100 → 100000006171671100
163,chain,2,100000004400305100,100000005186131100,distributor,transit,1,1,10000.0,1,100000008632060100 → 100000004400305100 → 100000005186131100 → 100000006171671100
163,chain,3,100000005186131100,100000006171671100,transit,peripheral,1,1,10000.0,1,100000008632060100 → 100000004400305100 → 100000005186131100 → 100000006171671100
164,chain,1,100000001660397100,100000006866783100,transit,distributor,1,1,24000.0,2,100000001660397100 → 100000006866783100 → 100000008686313100 → 100000002826669100
164,chain,2,100000006866783100,100000008686313100,distributor,peripheral,1,1,225181.0,4,100000001660397100 → 100000006866783100 → 100000008686313100 → 100000002826669100
164,chain,3,100000008686313100,100000002826669100,peripheral,terminal,1,1,159900.0,4,100000001660397100 → 100000006866783100 → 100000008686313100 → 100000002826669100
165,chain,1,100000008304139100,100000006866783100,distributor,distributor,4,1,144000.0,6,100000008304139100 → 100000006866783100 → 100000008686313100 → 100000002826669100
165,chain,2,100000006866783100,100000008686313100,distributor,peripheral,1,1,225181.0,4,100000008304139100 → 100000006866783100 → 100000008686313100 → 100000002826669100
165,chain,3,100000008686313100,100000002826669100,peripheral,terminal,1,1,159900.0,4,100000008304139100 → 100000006866783100 → 100000008686313100 → 100000002826669100
166,chain,1,100000002957787100,100000002645993100,coordinator,peripheral,1,1,14000.0,1,100000002957787100 → 100000002645993100 → 100000008413748100 → 100000008612257100
166,chain,2,100000002645993100,100000008413748100,peripheral,distributor,1,17,13480.0,1,100000002957787100 → 100000002645993100 → 100000008413748100 → 100000008612257100
166,chain,3,100000008413748100,100000008612257100,distributor,terminal,17,17,9500.0,1,100000002957787100 → 100000002645993100 → 100000008413748100 → 100000008612257100
167,chain,1,100000004400305100,100000002645993100,distributor,peripheral,1,1,35650.0,3,100000004400305100 → 100000002645993100 → 100000008413748100 → 100000008612257100
167,chain,2,100000002645993100,100000008413748100,peripheral,distributor,1,17,13480.0,1,100000004400305100 → 100000002645993100 → 100000008413748100 → 100000008612257100
167,chain,3,100000008413748100,100000008612257100,distributor,terminal,17,17,9500.0,1,100000004400305100 → 100000002645993100 → 100000008413748100 → 100000008612257100
168,chain,1,100000004400305100,100000004070318100,distributor,distributor,1,1,23000.0,1,100000004400305100 → 100000004070318100 → 100000008346837100 → 100000000534581100
168,chain,2,100000004070318100,100000008346837100,distributor,coordinator,1,14,60059.0,4,100000004400305100 → 100000004070318100 → 100000008346837100 → 100000000534581100
168,chain,3,100000008346837100,100000000534581100,coordinator,peripheral,14,7,8988.0,1,100000004400305100 → 100000004070318100 → 100000008346837100 → 100000000534581100
169,chain,1,100000006866783100,100000004070318100,distributor,distributor,1,1,64725.0,2,100000006866783100 → 100000004070318100 → 100000008346837100 → 100000000534581100
169,chain,2,100000004070318100,100000008346837100,distributor,coordinator,1,14,60059.0,4,100000006866783100 → 100000004070318100 → 100000008346837100 → 100000000534581100
169,chain,3,100000008346837100,100000000534581100,coordinator,peripheral,14,7,8988.0,1,100000006866783100 → 100000004070318100 → 100000008346837100 → 100000000534581100
170,chain,1,100000007639767100,100000004400305100,distributor,distributor,1,1,10000.0,1,100000007639767100 → 100000004400305100 → 100000002645993100 → 100000001202787100
170,chain,2,100000004400305100,100000002645993100,distributor,peripheral,1,1,35650.0,3,100000007639767100 → 100000004400305100 → 100000002645993100 → 100000001202787100
170,chain,3,100000002645993100,100000001202787100,peripheral,peripheral,1,1,8850.0,1,100000007639767100 → 100000004400305100 → 100000002645993100 → 100000001202787100
171,chain,1,100000008632060100,100000004400305100,distributor,distributor,1,1,40000.0,2,100000008632060100 → 100000004400305100 → 100000002645993100 → 100000001202787100
171,chain,2,100000004400305100,100000002645993100,distributor,peripheral,1,1,35650.0,3,100000008632060100 → 100000004400305100 → 100000002645993100 → 100000001202787100
171,chain,3,100000002645993100,100000001202787100,peripheral,peripheral,1,1,8850.0,1,100000008632060100 → 100000004400305100 → 100000002645993100 → 100000001202787100
172,chain,1,100000001732159100,100000008314203100,peripheral,peripheral,41,41,322076.0,9,100000001732159100 → 100000008314203100 → 100000008637537100 → 100000005940652100
172,chain,2,100000008314203100,100000008637537100,peripheral,peripheral,41,41,232000.0,11,100000001732159100 → 100000008314203100 → 100000008637537100 → 100000005940652100
172,chain,3,100000008637537100,100000005940652100,peripheral,terminal,41,41,8395.0,1,100000001732159100 → 100000008314203100 → 100000008637537100 → 100000005940652100
173,chain,1,100000003016635100,100000005287097100,distributor,distributor,5,5,110723.0,4,100000003016635100 → 100000005287097100 → 100000004150593100 → 100000003899899100
173,chain,2,100000005287097100,100000004150593100,distributor,distributor,5,5,57000.0,2,100000003016635100 → 100000005287097100 → 100000004150593100 → 100000003899899100
173,chain,3,100000004150593100,100000003899899100,distributor,peripheral,5,5,213500.0,4,100000003016635100 → 100000005287097100 → 100000004150593100 → 100000003899899100
174,chain,1,100000008086440100,100000008477350100,transit,coordinator,1,1,18900.0,1,100000008086440100 → 100000008477350100 → 100000001126374100 → 100000005730108100
174,chain,2,100000008477350100,100000001126374100,coordinator,consolidator,1,1,16000.0,1,100000008086440100 → 100000008477350100 → 100000001126374100 → 100000005730108100
174,chain,3,100000001126374100,100000005730108100,consolidator,terminal,1,1,8000.0,1,100000008086440100 → 100000008477350100 → 100000001126374100 → 100000005730108100
175,chain,1,100000008304139100,100000006866783100,distributor,distributor,4,1,144000.0,6,100000008304139100 → 100000006866783100 → 100000000089154100 → 100000003741418100
175,chain,2,100000006866783100,100000000089154100,distributor,distributor,1,1,10000.0,1,100000008304139100 → 100000006866783100 → 100000000089154100 → 100000003741418100
175,chain,3,100000000089154100,100000003741418100,distributor,consolidator,1,6,8000.0,1,100000008304139100 → 100000006866783100 → 100000000089154100 → 100000003741418100
176,chain,1,100000008632060100,100000006866783100,distributor,distributor,1,1,20000.0,1,100000008632060100 → 100000006866783100 → 100000000089154100 → 100000003741418100
176,chain,2,100000006866783100,100000000089154100,distributor,distributor,1,1,10000.0,1,100000008632060100 → 100000006866783100 → 100000000089154100 → 100000003741418100
176,chain,3,100000000089154100,100000003741418100,distributor,consolidator,1,6,8000.0,1,100000008632060100 → 100000006866783100 → 100000000089154100 → 100000003741418100
177,chain,1,100000004140487100,100000004400305100,distributor,distributor,4,1,30000.0,2,100000004140487100 → 100000004400305100 → 100000005048668100 → 100000003249054100
177,chain,2,100000004400305100,100000005048668100,distributor,distributor,1,7,10168.0,1,100000004140487100 → 100000004400305100 → 100000005048668100 → 100000003249054100
177,chain,3,100000005048668100,100000003249054100,distributor,consolidator,7,4,7000.0,1,100000004140487100 → 100000004400305100 → 100000005048668100 → 100000003249054100
178,chain,1,100000000667713100,100000008636603100,peripheral,peripheral,5,5,12750.0,1,100000000667713100 → 100000008636603100 → 100000003016635100 → 100000001049200100
178,chain,2,100000008636603100,100000003016635100,peripheral,distributor,5,5,43200.0,2,100000000667713100 → 100000008636603100 → 100000003016635100 → 100000001049200100
178,chain,3,100000003016635100,100000001049200100,distributor,peripheral,5,18,6014.0,1,100000000667713100 → 100000008636603100 → 100000003016635100 → 100000001049200100
179,chain,1,100000000667713100,100000008636603100,peripheral,peripheral,5,5,12750.0,1,100000000667713100 → 100000008636603100 → 100000003016635100 → 100000007281639100
179,chain,2,100000008636603100,100000003016635100,peripheral,distributor,5,5,43200.0,2,100000000667713100 → 100000008636603100 → 100000003016635100 → 100000007281639100
179,chain,3,100000003016635100,100000007281639100,distributor,terminal,5,5,147000.0,2,100000000667713100 → 100000008636603100 → 100000003016635100 → 100000007281639100
180,chain,1,100000005910114100,100000006866783100,coordinator,distributor,1,1,241712.0,8,100000005910114100 → 100000006866783100 → 100000004071080100 → 100000004071070100
180,chain,2,100000006866783100,100000004071080100,distributor,consolidator,1,1,67000.0,4,100000005910114100 → 100000006866783100 → 100000004071080100 → 100000004071070100
180,chain,3,100000004071080100,100000004071070100,consolidator,peripheral,1,1,36000.0,4,100000005910114100 → 100000006866783100 → 100000004071080100 → 100000004071070100
181,chain,1,100000007639767100,100000004400305100,distributor,distributor,1,1,10000.0,1,100000007639767100 → 100000004400305100 → 100000004071080100 → 100000004071070100
181,chain,2,100000004400305100,100000004071080100,distributor,consolidator,1,1,20000.0,2,100000007639767100 → 100000004400305100 → 100000004071080100 → 100000004071070100
181,chain,3,100000004071080100,100000004071070100,consolidator,peripheral,1,1,36000.0,4,100000007639767100 → 100000004400305100 → 100000004071080100 → 100000004071070100
182,chain,1,100000008632060100,100000004400305100,distributor,distributor,1,1,40000.0,2,100000008632060100 → 100000004400305100 → 100000004071080100 → 100000004071070100
182,chain,2,100000004400305100,100000004071080100,distributor,consolidator,1,1,20000.0,2,100000008632060100 → 100000004400305100 → 100000004071080100 → 100000004071070100
182,chain,3,100000004071080100,100000004071070100,consolidator,peripheral,1,1,36000.0,4,100000008632060100 → 100000004400305100 → 100000004071080100 → 100000004071070100
183,chain,1,100000004140487100,100000004400305100,distributor,distributor,4,1,30000.0,2,100000004140487100 → 100000004400305100 → 100000005048668100 → 100000000332284100
183,chain,2,100000004400305100,100000005048668100,distributor,distributor,1,7,10168.0,1,100000004140487100 → 100000004400305100 → 100000005048668100 → 100000000332284100
183,chain,3,100000005048668100,100000000332284100,distributor,consolidator,7,6,13400.0,2,100000004140487100 → 100000004400305100 → 100000005048668100 → 100000000332284100
184,chain,1,100000007639767100,100000004400305100,distributor,distributor,1,1,10000.0,1,100000007639767100 → 100000004400305100 → 100000002645993100 → 100000000332284100
184,chain,2,100000004400305100,100000002645993100,distributor,peripheral,1,1,35650.0,3,100000007639767100 → 100000004400305100 → 100000002645993100 → 100000000332284100
184,chain,3,100000002645993100,100000000332284100,peripheral,consolidator,1,6,5500.0,1,100000007639767100 → 100000004400305100 → 100000002645993100 → 100000000332284100
185,chain,1,100000008632060100,100000004400305100,distributor,distributor,1,1,40000.0,2,100000008632060100 → 100000004400305100 → 100000002645993100 → 100000000332284100
185,chain,2,100000004400305100,100000002645993100,distributor,peripheral,1,1,35650.0,3,100000008632060100 → 100000004400305100 → 100000002645993100 → 100000000332284100
185,chain,3,100000002645993100,100000000332284100,peripheral,consolidator,1,6,5500.0,1,100000008632060100 → 100000004400305100 → 100000002645993100 → 100000000332284100
186,chain,1,100000004070318100,100000002957787100,distributor,coordinator,1,1,7600.0,1,100000004070318100 → 100000002957787100 → 100000004770073100 → 100000005293969100
186,chain,2,100000002957787100,100000004770073100,coordinator,transit,1,1,5462.4,1,100000004070318100 → 100000002957787100 → 100000004770073100 → 100000005293969100
186,chain,3,100000004770073100,100000005293969100,transit,peripheral,1,1,5466.97,1,100000004070318100 → 100000002957787100 → 100000004770073100 → 100000005293969100
187,chain,1,100000004746397100,100000002957787100,peripheral,coordinator,6,1,7500.0,1,100000004746397100 → 100000002957787100 → 100000004770073100 → 100000005293969100
187,chain,2,100000002957787100,100000004770073100,coordinator,transit,1,1,5462.4,1,100000004746397100 → 100000002957787100 → 100000004770073100 → 100000005293969100
187,chain,3,100000004770073100,100000005293969100,transit,peripheral,1,1,5466.97,1,100000004746397100 → 100000002957787100 → 100000004770073100 → 100000005293969100
188,chain,1,100000005268319100,100000002957787100,peripheral,coordinator,1,1,24000.0,3,100000005268319100 → 100000002957787100 → 100000004770073100 → 100000005293969100
188,chain,2,100000002957787100,100000004770073100,coordinator,transit,1,1,5462.4,1,100000005268319100 → 100000002957787100 → 100000004770073100 → 100000005293969100
188,chain,3,100000004770073100,100000005293969100,transit,peripheral,1,1,5466.97,1,100000005268319100 → 100000002957787100 → 100000004770073100 → 100000005293969100
189,chain,1,100000000667713100,100000008636603100,peripheral,peripheral,5,5,12750.0,1,100000000667713100 → 100000008636603100 → 100000003016635100 → 100000002592567100
189,chain,2,100000008636603100,100000003016635100,peripheral,distributor,5,5,43200.0,2,100000000667713100 → 100000008636603100 → 100000003016635100 → 100000002592567100
189,chain,3,100000003016635100,100000002592567100,distributor,peripheral,5,5,5297.0,1,100000000667713100 → 100000008636603100 → 100000003016635100 → 100000002592567100
190,chain,1,100000003635170100,100000005602999100,transit,peripheral,34,34,5000.0,1,100000003635170100 → 100000005602999100 → 100000008501413100 → 100000005910895100
190,chain,2,100000005602999100,100000008501413100,peripheral,transit,34,34,5000.0,1,100000003635170100 → 100000005602999100 → 100000008501413100 → 100000005910895100
190,chain,3,100000008501413100,100000005910895100,transit,peripheral,34,34,5100.0,1,100000003635170100 → 100000005602999100 → 100000008501413100 → 100000005910895100
191,chain,1,100000002957787100,100000002645993100,coordinator,peripheral,1,1,14000.0,1,100000002957787100 → 100000002645993100 → 100000002398779100 → 100000008576243100
191,chain,2,100000002645993100,100000002398779100,peripheral,consolidator,1,1,54150.0,5,100000002957787100 → 100000002645993100 → 100000002398779100 → 100000008576243100
191,chain,3,100000002398779100,100000008576243100,consolidator,terminal,1,1,66000.0,3,100000002957787100 → 100000002645993100 → 100000002398779100 → 100000008576243100
192,chain,1,100000004188160100,100000008346837100,peripheral,coordinator,5,14,6000.0,1,100000004188160100 → 100000008346837100 → 100000007593823100 → 100000003249054100
192,chain,2,100000008346837100,100000007593823100,coordinator,coordinator,14,1,5000.0,1,100000004188160100 → 100000008346837100 → 100000007593823100 → 100000003249054100
192,chain,3,100000007593823100,100000003249054100,coordinator,consolidator,1,4,10000.0,2,100000004188160100 → 100000008346837100 → 100000007593823100 → 100000003249054100
193,chain,1,100000004400305100,100000002645993100,distributor,peripheral,1,1,35650.0,3,100000004400305100 → 100000002645993100 → 100000002398779100 → 100000008576243100
193,chain,2,100000002645993100,100000002398779100,peripheral,consolidator,1,1,54150.0,5,100000004400305100 → 100000002645993100 → 100000002398779100 → 100000008576243100
193,chain,3,100000002398779100,100000008576243100,consolidator,terminal,1,1,66000.0,3,100000004400305100 → 100000002645993100 → 100000002398779100 → 100000008576243100
194,chain,1,100000008121806100,100000008346837100,peripheral,coordinator,7,14,5000.0,1,100000008121806100 → 100000008346837100 → 100000007593823100 → 100000003249054100
194,chain,2,100000008346837100,100000007593823100,coordinator,coordinator,14,1,5000.0,1,100000008121806100 → 100000008346837100 → 100000007593823100 → 100000003249054100
194,chain,3,100000007593823100,100000003249054100,coordinator,consolidator,1,4,10000.0,2,100000008121806100 → 100000008346837100 → 100000007593823100 → 100000003249054100
195,chain,1,100000008379273100,100000008346837100,transit,coordinator,8,14,5000.0,1,100000008379273100 → 100000008346837100 → 100000007593823100 → 100000003249054100
195,chain,2,100000008346837100,100000007593823100,coordinator,coordinator,14,1,5000.0,1,100000008379273100 → 100000008346837100 → 100000007593823100 → 100000003249054100
195,chain,3,100000007593823100,100000003249054100,coordinator,consolidator,1,4,10000.0,2,100000008379273100 → 100000008346837100 → 100000007593823100 → 100000003249054100
