seed_gid,cluster_id,flag,n_nodes,share_reachable,avg_priority_score,top_gids,meaning
100000000343175100,12,cycle,21,0.2917,0.5855,100000003115284100;100000003635170100;100000005382566100;100000001899164100;100000003809101100,узел входит в направленный возвратный поток
100000000343175100,12,gives_more_than_received,14,0.1944,0.487047,100000002193259100;100000004677680100;100000004209339100;100000008501413100;100000001346560100,исходящий поток выше видимого входа
100000000343175100,12,chain_transit,6,0.0833,0.632245,100000003115284100;100000003390036100;100000002941114100;100000003360542100;100000008501413100,узел является внутренним звеном сквозной цепочки
100000000343175100,12,near_threshold,5,0.0694,0.52067,100000002941114100;100000002156381100;100000004209339100;100000002696152100;100000001641951100,много входящих переводов у порога 5-10 тыс. KZT
100000000343175100,12,sync_payers,3,0.0417,0.866328,100000003115284100;100000006889963100;100000002894076100,несколько разных плательщиков в один день
100000000343175100,12,repeat_amount,2,0.0278,0.554505,100000007908818100;100000005168487100,одна и та же сумма отправлялась многократно
100000000580561100,45,cycle,2,0.4,0.351304,100000007939160100;100000003888271100,узел входит в направленный возвратный поток
100000000580561100,45,gives_more_than_received,1,0.2,0.299458,100000003888271100,исходящий поток выше видимого входа
100000001616816100,9,cycle,2,0.3333,0.733327,100000004015047100;100000001937767100,узел входит в направленный возвратный поток
100000001616816100,9,gives_more_than_received,1,0.1667,0.565286,100000001937767100,исходящий поток выше видимого входа
100000001732159100,41,chain_transit,2,0.4,0.550935,100000008637537100;100000008314203100,узел является внутренним звеном сквозной цепочки
100000001732159100,41,cycle,2,0.4,0.550935,100000008637537100;100000008314203100,узел входит в направленный возвратный поток
100000001732159100,41,relay_route,2,0.4,0.550935,100000008637537100;100000008314203100,узел является посредником устойчивого маршрута пересылки
100000001732159100,41,repeat_amount,2,0.4,0.550935,100000008637537100;100000008314203100,одна и та же сумма отправлялась многократно
100000001732159100,41,gives_more_than_received,1,0.2,0.602789,100000008637537100,исходящий поток выше видимого входа
100000001732159100,41,sync_payers,1,0.2,0.7126,100000003404627100,несколько разных плательщиков в один день
100000002527114100,2,cycle,9,0.0335,0.452565,100000002578405100;100000001697501100;100000001166289100;100000002733905100;100000003942602100,узел входит в направленный возвратный поток
100000002527114100,2,gives_more_than_received,7,0.026,0.41686,100000002578405100;100000001697501100;100000002733905100;100000002214664100;100000003192309100,исходящий поток выше видимого входа
100000002527114100,2,chain_transit,2,0.0074,0.563219,100000002578405100;100000008493007100,узел является внутренним звеном сквозной цепочки
100000002527114100,2,repeat_amount,2,0.0074,0.679982,100000002578405100;100000001697501100,одна и та же сумма отправлялась многократно
100000002527114100,2,near_threshold,1,0.0037,0.291157,100000004825069100,много входящих переводов у порога 5-10 тыс. KZT
100000003016635100,5,gives_more_than_received,132,0.2276,0.60789,100000008603629100;100000000437046100;100000000331309100;100000008346837100;100000001530983100,исходящий поток выше видимого входа
100000003016635100,5,cycle,113,0.1948,0.650482,100000008603629100;100000000437046100;100000000331309100;100000008346837100;100000003115284100,узел входит в направленный возвратный поток
100000003016635100,5,chain_transit,33,0.0569,0.802052,100000008603629100;100000000437046100;100000000331309100;100000008346837100;100000003115284100,узел является внутренним звеном сквозной цепочки
100000003016635100,5,sync_payers,28,0.0483,0.781127,100000008603629100;100000000437046100;100000000331309100;100000008346837100;100000003115284100,несколько разных плательщиков в один день
100000003016635100,5,near_threshold,17,0.0293,0.578673,100000002957787100;100000000332284100;100000003741418100;100000003159641100;100000005665181100,много входящих переводов у порога 5-10 тыс. KZT
100000003016635100,5,repeat_amount,16,0.0276,0.783465,100000008603629100;100000000437046100;100000000331309100;100000005910114100;100000005933757100,одна и та же сумма отправлялась многократно
100000003016635100,5,relay_route,12,0.0207,0.818704,100000008603629100;100000000437046100;100000002398779100;100000002957787100;100000006518161100,узел является посредником устойчивого маршрута пересылки
100000003016635100,5,boundary_likely_continues,4,0.0069,0.291443,100000003072205100;100000004652395100;100000006638021100;100000003230328100,граничный узел с вероятным скрытым исходящим продолжением
100000003684369100,4,gives_more_than_received,15,0.125,0.509309,100000003946524100;100000005074393100;100000003366154100;100000004480280100;100000005079754100,исходящий поток выше видимого входа
100000003684369100,4,cycle,10,0.0833,0.618656,100000003115284100;100000003946524100;100000005074393100;100000003390036100;100000003299365100,узел входит в направленный возвратный поток
100000003684369100,4,chain_transit,3,0.025,0.731065,100000003115284100;100000003390036100;100000003360542100,узел является внутренним звеном сквозной цепочки
100000003684369100,4,repeat_amount,2,0.0167,0.621727,100000007908818100;100000008628231100,одна и та же сумма отправлялась многократно
100000003684369100,4,sync_payers,2,0.0167,0.9403,100000003115284100;100000006889963100,несколько разных плательщиков в один день
100000003684369100,4,near_threshold,1,0.0083,0.405234,100000001641951100,много входящих переводов у порога 5-10 тыс. KZT
100000003975102100,5,gives_more_than_received,3,0.4286,0.473706,100000008650785100;100000004041163100;100000005519347100,исходящий поток выше видимого входа
100000003975102100,5,cycle,2,0.2857,0.611163,100000005382566100;100000004041163100,узел входит в направленный возвратный поток
100000003977183100,9,cycle,4,0.4,0.633428,100000004015047100;100000001616816100;100000001937767100;100000003923946100,узел входит в направленный возвратный поток
100000003977183100,9,gives_more_than_received,3,0.3,0.544115,100000001616816100;100000001937767100;100000003923946100,исходящий поток выше видимого входа
100000003977183100,9,near_threshold,1,0.1,0.579875,100000001616816100,много входящих переводов у порога 5-10 тыс. KZT
100000004007116100,26,cycle,4,0.25,0.508123,100000004160650100;100000002731501100;100000004005964100;100000003616818100,узел входит в направленный возвратный поток
100000004007116100,26,gives_more_than_received,4,0.25,0.499826,100000004160650100;100000002731501100;100000003616818100;100000001330595100,исходящий поток выше видимого входа
100000004007116100,26,repeat_amount,2,0.125,0.573357,100000004160650100;100000002731501100,одна и та же сумма отправлялась многократно
100000004007116100,26,sync_payers,1,0.0625,0.527352,100000002731501100,несколько разных плательщиков в один день
100000004041163100,20,cycle,1,0.5,0.751553,100000005382566100,узел входит в направленный возвратный поток
100000004193835100,5,cycle,2,0.6667,0.611163,100000005382566100;100000004041163100,узел входит в направленный возвратный поток
100000004193835100,5,gives_more_than_received,1,0.3333,0.470773,100000004041163100,исходящий поток выше видимого входа
100000004269433100,16,cycle,31,0.2818,0.643839,100000008346837100;100000003115284100;100000004156082100;100000005287097100;100000003635170100,узел входит в направленный возвратный поток
100000004269433100,16,gives_more_than_received,24,0.2182,0.645303,100000008346837100;100000004156082100;100000005287097100;100000006518161100;100000003016635100,исходящий поток выше видимого входа
100000004269433100,16,chain_transit,11,0.1,0.739036,100000008346837100;100000003115284100;100000005287097100;100000003016635100;100000000343175100,узел является внутренним звеном сквозной цепочки
100000004269433100,16,near_threshold,6,0.0545,0.629875,100000003016635100;100000003159641100;100000002941114100;100000002156381100;100000004209339100,много входящих переводов у порога 5-10 тыс. KZT
100000004269433100,16,sync_payers,5,0.0455,0.877168,100000008346837100;100000003115284100;100000006889963100;100000003016635100;100000002894076100,несколько разных плательщиков в один день
100000004269433100,16,relay_route,4,0.0364,0.694496,100000006518161100;100000003016635100;100000005339662100;100000008418835100,узел является посредником устойчивого маршрута пересылки
100000004269433100,16,repeat_amount,4,0.0364,0.700462,100000005287097100;100000003016635100;100000007908818100;100000005168487100,одна и та же сумма отправлялась многократно
100000004358004100,4,gives_more_than_received,40,0.166,0.579593,100000008165763100;100000008710791100;100000005527892100;100000008743913100;100000007594394100,исходящий поток выше видимого входа
100000004358004100,4,cycle,20,0.083,0.598554,100000003115284100;100000007594394100;100000004015047100;100000003684369100;100000003946524100,узел входит в направленный возвратный поток
100000004358004100,4,sync_payers,15,0.0622,0.713462,100000003115284100;100000008165763100;100000006889963100;100000003684369100;100000002718366100,несколько разных плательщиков в один день
100000004358004100,4,chain_transit,10,0.0415,0.702477,100000003115284100;100000008710791100;100000005612411100;100000003684369100;100000003390036100,узел является внутренним звеном сквозной цепочки
100000004358004100,4,repeat_amount,4,0.0166,0.747375,100000007594394100;100000003684369100;100000007908818100;100000008628231100,одна и та же сумма отправлялась многократно
100000004358004100,4,near_threshold,3,0.0124,0.529841,100000008244300100;100000001616816100;100000001641951100,много входящих переводов у порога 5-10 тыс. KZT
100000004358004100,4,relay_route,3,0.0124,0.800617,100000008710791100;100000007594394100;100000008561016100,узел является посредником устойчивого маршрута пересылки
100000004358004100,4,boundary_likely_continues,1,0.0041,0.296929,100000006638021100,граничный узел с вероятным скрытым исходящим продолжением
100000004714705100,20,gives_more_than_received,1,0.5,0.311292,100000008738325100,исходящий поток выше видимого входа
100000004723755100,4,gives_more_than_received,93,0.1658,0.679326,100000008603629100;100000000437046100;100000000331309100;100000008346837100;100000001530983100,исходящий поток выше видимого входа
100000004723755100,4,cycle,72,0.1283,0.734221,100000008603629100;100000000437046100;100000000331309100;100000008346837100;100000003115284100,узел входит в направленный возвратный поток
100000004723755100,4,chain_transit,40,0.0713,0.817379,100000008603629100;100000000437046100;100000000331309100;100000008346837100;100000003115284100,узел является внутренним звеном сквозной цепочки
100000004723755100,4,repeat_amount,22,0.0392,0.779054,100000008603629100;100000000437046100;100000000331309100;100000005910114100;100000007594394100,одна и та же сумма отправлялась многократно
100000004723755100,4,sync_payers,20,0.0357,0.848372,100000008603629100;100000000437046100;100000000331309100;100000008346837100;100000003115284100,несколько разных плательщиков в один день
100000004723755100,4,relay_route,17,0.0303,0.834738,100000008603629100;100000000437046100;100000002398779100;100000008710791100;100000007594394100,узел является посредником устойчивого маршрута пересылки
100000004723755100,4,near_threshold,16,0.0285,0.552507,100000002957787100;100000000332284100;100000008546855100;100000003741418100;100000005665181100,много входящих переводов у порога 5-10 тыс. KZT
100000004723755100,4,boundary_likely_continues,4,0.0071,0.268325,100000004652395100;100000003230328100;100000008583971100;100000001202787100,граничный узел с вероятным скрытым исходящим продолжением
100000004813068100,25,cycle,7,0.5385,0.497918,100000002224132100;100000004603109100;100000004892144100;100000001965374100;100000000594783100,узел входит в направленный возвратный поток
100000004813068100,25,gives_more_than_received,4,0.3077,0.437843,100000002224132100;100000001965374100;100000003835149100;100000004784224100,исходящий поток выше видимого входа
100000004813068100,25,relay_route,1,0.0769,0.587779,100000002224132100,узел является посредником устойчивого маршрута пересылки
100000004813068100,25,repeat_amount,1,0.0769,0.587779,100000002224132100,одна и та же сумма отправлялась многократно
100000004971871100,60,gives_more_than_received,2,0.6667,0.355912,100000003148220100;100000006888238100,исходящий поток выше видимого входа
100000004971871100,60,cycle,1,0.3333,0.369987,100000003148220100,узел входит в направленный возвратный поток
100000005264990100,20,cycle,2,0.3333,0.611163,100000005382566100;100000004041163100,узел входит в направленный возвратный поток
100000005264990100,20,gives_more_than_received,2,0.3333,0.487957,100000004744306100;100000004041163100,исходящий поток выше видимого входа
100000005382566100,20,cycle,1,0.5,0.470773,100000004041163100,узел входит в направленный возвратный поток
100000005382566100,20,gives_more_than_received,1,0.5,0.470773,100000004041163100,исходящий поток выше видимого входа
100000005386383100,20,cycle,2,0.6667,0.611163,100000005382566100;100000004041163100,узел входит в направленный возвратный поток
100000005386383100,20,gives_more_than_received,1,0.3333,0.470773,100000004041163100,исходящий поток выше видимого входа
100000005417257100,20,gives_more_than_received,1,0.3333,0.335498,100000005394708100,исходящий поток выше видимого входа
100000005498992100,3,gives_more_than_received,41,0.1269,0.68345,100000008603629100;100000000437046100;100000000331309100;100000001530983100;100000008477350100,исходящий поток выше видимого входа
100000005498992100,3,cycle,35,0.1084,0.708749,100000008603629100;100000000437046100;100000000331309100;100000003115284100;100000008477350100,узел входит в направленный возвратный поток
100000005498992100,3,chain_transit,17,0.0526,0.841378,100000008603629100;100000000437046100;100000000331309100;100000003115284100;100000008477350100,узел является внутренним звеном сквозной цепочки
100000005498992100,3,sync_payers,15,0.0464,0.859989,100000008603629100;100000000437046100;100000000331309100;100000003115284100;100000008165763100,несколько разных плательщиков в один день
100000005498992100,3,relay_route,11,0.0341,0.853773,100000008603629100;100000000437046100;100000002398779100;100000008710791100;100000007594394100,узел является посредником устойчивого маршрута пересылки
100000005498992100,3,repeat_amount,10,0.031,0.8365,100000008603629100;100000000437046100;100000000331309100;100000007594394100;100000004299488100,одна и та же сумма отправлялась многократно
100000005498992100,3,near_threshold,7,0.0217,0.490817,100000002957787100;100000008546855100;100000001616816100;100000000646541100;100000000557536100,много входящих переводов у порога 5-10 тыс. KZT
100000005744674100,20,cycle,2,0.6667,0.611163,100000005382566100;100000004041163100,узел входит в направленный возвратный поток
100000005744674100,20,gives_more_than_received,1,0.3333,0.470773,100000004041163100,исходящий поток выше видимого входа
100000006232815100,30,gives_more_than_received,4,0.3333,0.335565,100000001380054100;100000001782980100;100000000607731100;100000006734554100,исходящий поток выше видимого входа
100000006232815100,30,cycle,2,0.1667,0.430512,100000001380054100;100000005077484100,узел входит в направленный возвратный поток
100000006249740100,54,near_threshold,1,0.3333,0.466904,100000006562026100,много входящих переводов у порога 5-10 тыс. KZT
100000006831291100,54,near_threshold,1,1.0,0.466904,100000006562026100,много входящих переводов у порога 5-10 тыс. KZT
100000006866783100,1,gives_more_than_received,192,0.1728,0.599531,100000008603629100;100000000437046100;100000000331309100;100000008346837100;100000001530983100,исходящий поток выше видимого входа
100000006866783100,1,cycle,146,0.1314,0.647877,100000008603629100;100000000437046100;100000000331309100;100000008346837100;100000003115284100,узел входит в направленный возвратный поток
100000006866783100,1,chain_transit,65,0.0585,0.727472,100000008603629100;100000000437046100;100000000331309100;100000008346837100;100000003115284100,узел является внутренним звеном сквозной цепочки
100000006866783100,1,repeat_amount,33,0.0297,0.727488,100000008603629100;100000000437046100;100000000331309100;100000005910114100;100000005933757100,одна и та же сумма отправлялась многократно
100000006866783100,1,sync_payers,33,0.0297,0.781391,100000008603629100;100000000437046100;100000000331309100;100000008346837100;100000003115284100,несколько разных плательщиков в один день
100000006866783100,1,near_threshold,26,0.0234,0.537885,100000002957787100;100000000332284100;100000008546855100;100000003741418100;100000003016635100,много входящих переводов у порога 5-10 тыс. KZT
100000006866783100,1,relay_route,25,0.0225,0.739237,100000008603629100;100000000437046100;100000002398779100;100000008710791100;100000007594394100,узел является посредником устойчивого маршрута пересылки
100000006866783100,1,boundary_likely_continues,9,0.0081,0.282788,100000003037476100;100000003072205100;100000004652395100;100000005783452100;100000007034089100,граничный узел с вероятным скрытым исходящим продолжением
100000007018630100,62,gives_more_than_received,1,0.5,0.395925,100000002371751100,исходящий поток выше видимого входа
100000007747786100,11,cycle,21,0.2188,0.520726,100000004015047100;100000002838861100;100000004159526100;100000005473151100;100000004386258100,узел входит в направленный возвратный поток
100000007747786100,11,gives_more_than_received,13,0.1354,0.510873,100000003265158100;100000003589877100;100000001616816100;100000001937767100;100000001677929100,исходящий поток выше видимого входа
100000007747786100,11,near_threshold,1,0.0104,0.579875,100000001616816100,много входящих переводов у порога 5-10 тыс. KZT
100000007747786100,11,repeat_amount,1,0.0104,0.426971,100000002958343100,одна и та же сумма отправлялась многократно
100000007747786100,11,sync_payers,1,0.0104,0.718383,100000002894076100,несколько разных плательщиков в один день
100000007982728100,9,cycle,24,0.1818,0.54641,100000008346837100;100000004015047100;100000002838861100;100000005704413100;100000005578559100,узел входит в направленный возвратный поток
100000007982728100,9,gives_more_than_received,22,0.1667,0.502486,100000008346837100;100000005704413100;100000005578559100;100000008379273100;100000008748408100,исходящий поток выше видимого входа
100000007982728100,9,near_threshold,4,0.0303,0.390824,100000001616816100;100000003636627100;100000002391278100;100000001893287100,много входящих переводов у порога 5-10 тыс. KZT
100000007982728100,9,repeat_amount,4,0.0303,0.519154,100000008748408100;100000002692750100;100000004221668100;100000001893287100,одна и та же сумма отправлялась многократно
100000007982728100,9,boundary_likely_continues,1,0.0076,0.244102,100000001202787100,граничный узел с вероятным скрытым исходящим продолжением
100000007982728100,9,chain_transit,1,0.0076,0.961321,100000008346837100,узел является внутренним звеном сквозной цепочки
100000007982728100,9,sync_payers,1,0.0076,0.961321,100000008346837100,несколько разных плательщиков в один день
100000008314203100,41,cycle,2,0.4,0.592688,100000008637537100;100000001732159100,узел входит в направленный возвратный поток
100000008314203100,41,relay_route,2,0.4,0.592688,100000008637537100;100000001732159100,узел является посредником устойчивого маршрута пересылки
100000008314203100,41,repeat_amount,2,0.4,0.592688,100000008637537100;100000001732159100,одна и та же сумма отправлялась многократно
100000008314203100,41,chain_transit,1,0.2,0.602789,100000008637537100,узел является внутренним звеном сквозной цепочки
100000008314203100,41,gives_more_than_received,1,0.2,0.602789,100000008637537100,исходящий поток выше видимого входа
100000008314203100,41,sync_payers,1,0.2,0.7126,100000003404627100,несколько разных плательщиков в один день
100000008418835100,16,gives_more_than_received,60,0.2597,0.585838,100000008346837100;100000001530983100;100000004156082100;100000005910114100;100000004351795100,исходящий поток выше видимого входа
100000008418835100,16,cycle,55,0.2381,0.644341,100000008346837100;100000003115284100;100000004156082100;100000005910114100;100000008733194100,узел входит в направленный возвратный поток
100000008418835100,16,chain_transit,18,0.0779,0.737406,100000008346837100;100000003115284100;100000005910114100;100000005287097100;100000003016635100,узел является внутренним звеном сквозной цепочки
100000008418835100,16,near_threshold,9,0.039,0.591602,100000003016635100;100000003159641100;100000002941114100;100000002156381100;100000004209339100,много входящих переводов у порога 5-10 тыс. KZT
100000008418835100,16,relay_route,6,0.026,0.77381,100000006518161100;100000003016635100;100000007593823100;100000004707703100;100000003701161100,узел является посредником устойчивого маршрута пересылки
100000008418835100,16,repeat_amount,6,0.026,0.759765,100000005910114100;100000005287097100;100000003016635100;100000007593823100;100000007908818100,одна и та же сумма отправлялась многократно
100000008418835100,16,sync_payers,5,0.0216,0.877168,100000008346837100;100000003115284100;100000006889963100;100000003016635100;100000002894076100,несколько разных плательщиков в один день
100000008522127100,64,gives_more_than_received,28,0.2171,0.684407,100000008165763100;100000008547948100;100000008489922100;100000008710791100;100000008730846100,исходящий поток выше видимого входа
100000008522127100,64,sync_payers,18,0.1395,0.724838,100000008165763100;100000008547948100;100000002398779100;100000008730846100;100000003684369100,несколько разных плательщиков в один день
100000008522127100,64,cycle,11,0.0853,0.726022,100000008547948100;100000008489922100;100000008547844100;100000003684369100;100000008466579100,узел входит в направленный возвратный поток
100000008522127100,64,boundary_likely_continues,5,0.0388,0.294357,100000003037476100;100000003072205100;100000005783452100;100000007034089100;100000007357489100,граничный узел с вероятным скрытым исходящим продолжением
100000008522127100,64,chain_transit,5,0.0388,0.899728,100000008547948100;100000008489922100;100000002398779100;100000008710791100;100000003684369100,узел является внутренним звеном сквозной цепочки
100000008522127100,64,repeat_amount,3,0.0233,0.825102,100000008489922100;100000003684369100;100000008465789100,одна и та же сумма отправлялась многократно
100000008522127100,64,relay_route,2,0.0155,0.911479,100000002398779100;100000008710791100,узел является посредником устойчивого маршрута пересылки
100000008571433100,53,cycle,3,0.75,0.52095,100000004135268100;100000002738256100;100000004979498100,узел входит в направленный возвратный поток
100000008571433100,53,gives_more_than_received,1,0.25,0.500652,100000002738256100,исходящий поток выше видимого входа
100000008571433100,53,relay_route,1,0.25,0.653167,100000004135268100,узел является посредником устойчивого маршрута пересылки
100000008575624100,50,cycle,2,0.4,0.353766,100000005546031100;100000005547096100,узел входит в направленный возвратный поток
100000008575624100,50,gives_more_than_received,2,0.4,0.356824,100000004094958100;100000005547096100,исходящий поток выше видимого входа
100000008575624100,50,near_threshold,1,0.2,0.436766,100000005546031100,много входящих переводов у порога 5-10 тыс. KZT
100000008601794100,57,cycle,2,0.6667,0.415072,100000001872484100;100000000785800100,узел входит в направленный возвратный поток
100000008637537100,41,cycle,2,0.4,0.540834,100000001732159100;100000008314203100,узел входит в направленный возвратный поток
100000008637537100,41,relay_route,2,0.4,0.540834,100000001732159100;100000008314203100,узел является посредником устойчивого маршрута пересылки
100000008637537100,41,repeat_amount,2,0.4,0.540834,100000001732159100;100000008314203100,одна и та же сумма отправлялась многократно
100000008637537100,41,chain_transit,1,0.2,0.499081,100000008314203100,узел является внутренним звеном сквозной цепочки
100000008637537100,41,sync_payers,1,0.2,0.7126,100000003404627100,несколько разных плательщиков в один день
100000008650785100,5,gives_more_than_received,1,0.3333,0.43139,100000005519347100,исходящий поток выше видимого входа
100000008659445100,44,cycle,4,0.8,0.481147,100000008736940100;100000008751429100;100000008193577100;100000005456919100,узел входит в направленный возвратный поток
100000008659445100,44,gives_more_than_received,1,0.2,0.477388,100000008193577100,исходящий поток выше видимого входа
100000008680731100,13,gives_more_than_received,13,0.1398,0.479864,100000005242320100;100000003265158100;100000002224132100;100000004424023100;100000003917461100,исходящий поток выше видимого входа
100000008680731100,13,cycle,12,0.129,0.467204,100000004386258100;100000002224132100;100000004603109100;100000004386331100;100000004892144100,узел входит в направленный возвратный поток
100000008680731100,13,relay_route,1,0.0108,0.587779,100000002224132100,узел является посредником устойчивого маршрута пересылки
100000008680731100,13,repeat_amount,1,0.0108,0.587779,100000002224132100,одна и та же сумма отправлялась многократно
100000008680731100,13,sync_payers,1,0.0108,0.71905,100000001282143100,несколько разных плательщиков в один день
