seed_gid,cluster_id,reachable_nodes,max_depth_reached,n_coordinator,n_consolidator,n_distributor,n_transit,n_terminal,n_peripheral,boundary_nodes,attention_nodes,top_reachable_gids
100000000343175100,12,72,4,0,4,0,3,34,31,6,26,100000003115284100;100000006889963100;100000003635170100;100000005382566100;100000002894076100
100000000456947100,73,0,0,0,0,0,0,0,0,0,0,
100000000580561100,45,5,2,0,0,0,0,3,2,0,2,100000007939160100;100000005183943100;100000003888271100;100000000955444100;100000007930878100
100000001415126100,20,0,0,0,0,0,0,0,0,0,0,
100000001429930100,14,0,0,0,0,0,0,0,0,0,0,
100000001616816100,9,6,2,0,1,0,0,4,1,0,2,100000004015047100;100000002605308100;100000001937767100;100000001904863100;100000004905207100
100000001732159100,41,5,2,0,1,0,0,1,3,0,3,100000003404627100;100000008637537100;100000008314203100;100000008232832100;100000005940652100
100000002527114100,2,269,4,0,0,2,3,250,14,4,11,100000002578405100;100000001697501100;100000001166289100;100000002733905100;100000003942602100
100000002916006100,20,1,1,0,0,0,0,0,1,0,0,100000008516839100
100000003016635100,5,580,4,15,28,20,17,235,265,101,146,100000008603629100;100000000437046100;100000000331309100;100000008346837100;100000003115284100
100000003200071100,69,1,1,0,0,0,0,1,0,0,0,100000003980083100
100000003265658100,74,0,0,0,0,0,0,0,0,0,0,
100000003349739100,75,0,0,0,0,0,0,0,0,0,0,
100000003684369100,4,120,4,0,2,0,3,77,38,4,14,100000003115284100;100000006889963100;100000003946524100;100000005074393100;100000007908818100
100000003770083100,76,0,0,0,0,0,0,0,0,0,0,
100000003975102100,5,7,3,0,1,0,0,1,5,0,2,100000005382566100;100000008650785100;100000004041163100;100000000817146100;100000005519347100
100000003977183100,9,10,4,0,1,0,0,6,3,0,4,100000004015047100;100000005778283100;100000001616816100;100000001937767100;100000002836736100
100000004007116100,26,16,4,0,1,1,0,6,8,1,4,100000004160650100;100000004144536100;100000002731501100;100000004005964100;100000003616818100
100000004019124100,5,0,0,0,0,0,0,0,0,0,0,
100000004021459100,77,0,0,0,0,0,0,0,0,0,0,
100000004041163100,20,2,1,0,1,0,0,0,1,0,1,100000005382566100;100000005523088100
100000004174835100,78,0,0,0,0,0,0,0,0,0,0,
100000004193835100,5,3,3,0,1,0,0,0,2,0,2,100000005382566100;100000004041163100;100000005523088100
100000004269433100,16,110,4,2,6,5,5,56,36,0,38,100000008346837100;100000003115284100;100000004156082100;100000006889963100;100000005287097100
100000004358004100,4,241,4,1,12,5,6,140,77,18,43,100000003115284100;100000008165763100;100000006889963100;100000008710791100;100000005527892100
100000004388983100,66,2,1,0,0,0,0,2,0,0,0,100000005034574100;100000007283257100
100000004714705100,20,2,2,0,0,0,0,0,2,0,0,100000005668605100;100000008738325100
100000004723755100,4,561,4,11,29,24,16,232,249,119,109,100000008603629100;100000000437046100;100000000331309100;100000008346837100;100000003115284100
100000004813068100,25,13,3,0,0,0,0,4,9,0,7,100000002224132100;100000004603109100;100000004892144100;100000001965374100;100000000594783100
100000004971871100,60,3,3,0,0,0,0,1,2,0,1,100000003148220100;100000006888238100;100000001852140100
100000005017150100,79,0,0,0,0,0,0,0,0,0,0,
100000005087431100,80,0,0,0,0,0,0,0,0,0,0,
100000005235389100,81,0,0,0,0,0,0,0,0,0,0,
100000005264990100,20,6,3,0,1,0,0,1,4,0,2,100000005382566100;100000004744306100;100000004041163100;100000008516839100;100000005523088100
100000005370580100,14,0,0,0,0,0,0,0,0,0,0,
100000005382566100,20,2,2,0,0,0,0,0,2,0,1,100000004041163100;100000005523088100
100000005386383100,20,3,3,0,1,0,0,0,2,0,2,100000005382566100;100000004041163100;100000005523088100
100000005392290100,70,1,1,0,0,0,0,1,0,0,0,100000003865939100
100000005395727100,16,0,0,0,0,0,0,0,0,0,0,
100000005409680100,18,0,0,0,0,0,0,0,0,0,0,
100000005417257100,20,3,2,0,0,0,0,0,3,0,0,100000008516839100;100000005394708100;100000008673001100
100000005454368100,14,0,0,0,0,0,0,0,0,0,0,
100000005480435100,82,0,0,0,0,0,0,0,0,0,0,
100000005485830100,47,5,1,0,0,0,0,5,0,0,0,100000005895525100;100000002462183100;100000005056870100;100000007175718100;100000005807278100
100000005493505100,14,0,0,0,0,0,0,0,0,0,0,
100000005495722100,83,0,0,0,0,0,0,0,0,0,0,
100000005498992100,3,323,4,7,17,10,6,134,149,86,52,100000008603629100;100000000437046100;100000000331309100;100000003115284100;100000001530983100
100000005519347100,5,1,1,0,0,0,0,0,1,0,0,100000004019124100
100000005523088100,20,0,0,0,0,0,0,0,0,0,0,
100000005543136100,14,1,1,0,0,0,0,0,1,0,0,100000005493505100
100000005550592100,84,0,0,0,0,0,0,0,0,0,0,
100000005560900100,85,0,0,0,0,0,0,0,0,0,0,
100000005568407100,86,0,0,0,0,0,0,0,0,0,0,
100000005668605100,20,0,0,0,0,0,0,0,0,0,0,
100000005744674100,20,3,3,0,1,0,0,0,2,0,2,100000005382566100;100000004041163100;100000005523088100
100000006232815100,30,12,3,0,0,0,0,6,6,0,2,100000001380054100;100000005077484100;100000003164661100;100000000703894100;100000004192865100
100000006249740100,54,3,1,0,0,0,0,3,0,0,1,100000006562026100;100000007347733100;100000008129393100
100000006831291100,54,1,1,0,0,0,0,1,0,0,1,100000006562026100
100000006866783100,1,1111,4,17,41,33,33,439,548,275,213,100000008603629100;100000000437046100;100000000331309100;100000008346837100;100000003115284100
100000007018630100,62,2,2,0,0,0,0,1,1,0,0,100000002371751100;100000000769919100
100000007747786100,11,96,4,0,5,0,5,50,36,5,22,100000004015047100;100000005514161100;100000002838861100;100000003265158100;100000002894076100
100000007982728100,9,132,4,1,6,3,5,56,61,33,26,100000008346837100;100000004015047100;100000005514161100;100000002838861100;100000007998965100
100000008117324100,87,0,0,0,0,0,0,0,0,0,0,
100000008205000100,88,0,0,0,0,0,0,0,0,0,0,
100000008314203100,41,5,2,0,1,0,0,1,3,0,3,100000003404627100;100000008637537100;100000001732159100;100000008232832100;100000005940652100
100000008418835100,16,231,4,5,7,8,13,109,89,3,64,100000008346837100;100000003115284100;100000001530983100;100000004156082100;100000005910114100
100000008513251100,89,0,0,0,0,0,0,0,0,0,0,
100000008516839100,20,0,0,0,0,0,0,0,0,0,0,
100000008522127100,64,129,4,3,12,10,3,43,58,35,33,100000008165763100;100000008547948100;100000008489922100;100000002398779100;100000008710791100
100000008571433100,53,4,2,0,0,0,2,1,1,0,3,100000004135268100;100000002738256100;100000004979498100;100000007507343100
100000008575624100,50,5,2,0,0,0,2,1,2,0,2,100000004331458100;100000004094958100;100000005546031100;100000005363908100;100000005547096100
100000008601794100,57,3,2,0,0,0,1,1,1,0,2,100000001872484100;100000000785800100;100000002459163100
100000008637537100,41,5,2,0,1,0,0,1,3,0,3,100000003404627100;100000001732159100;100000008314203100;100000008232832100;100000005940652100
100000008650785100,5,3,2,0,0,0,0,1,2,0,0,100000000817146100;100000005519347100;100000004019124100
100000008654653100,5,1,1,0,0,0,0,0,1,0,0,100000004019124100
100000008659445100,44,5,2,0,0,0,0,1,4,0,4,100000008736940100;100000008751429100;100000008193577100;100000005456919100;100000000307908100
100000008669037100,90,0,0,0,0,0,0,0,0,0,0,
100000008673001100,20,0,0,0,0,0,0,0,0,0,0,
100000008680731100,13,93,4,0,4,2,3,52,32,9,13,100000005242320100;100000005514161100;100000007998965100;100000003265158100;100000001282143100
100000008701222100,91,0,0,0,0,0,0,0,0,0,0,
100000008738325100,20,1,1,0,0,0,0,0,1,0,0,100000005668605100
